<?xml version="1.0"?>
<Parameters>
  <Parameter id="systemsettings" value="eBoolean:true" />
  <Parameter id="xmlfiles" value="eString:Personnel\\generalshorttermerreport.xml,Personnel\\shorttermerreport.xml" />
  <Parameter id="currentReport" value="eString:Short Termer Report" />
  <Parameter id="MaxDisplayColumns" value="eInteger:4" />
  <Parameter id="param_source" value="eString:Event" />
  <Parameter id="param_event_selection" value="eString:this" />
  <Parameter id="param_event_code" value="eString:" />
  <Parameter id="param_event_name" value="eString:" />
  <Parameter id="param_extract_name" value="eString:" />
  <Parameter id="param_conference_code" value="eString:" />
  <Parameter id="param_unit_key" value="eInteger:-1" />
  <Parameter id="param_application_status_accepted" value="eString:true" />
  <Parameter id="param_application_status_cancelled" value="eString:false" />
  <Parameter id="param_application_status_enquiry" value="eString:false" />
  <Parameter id="param_application_status_hold" value="eString:false" />
  <Parameter id="param_application_status_rejected" value="eString:false" />
  <Parameter id="orderby0" value="eString:Partner Name" />
  <Parameter id="orderby1" value="eString:Party Type" />
  <Parameter id="orderby2" value="eString:Partner Key" />
  <Parameter id="param_sortby_readable" value="eString:Partner Name, Party Type, Partner Key" />
  <Parameter id="param_calculation" column="4" value="eString:Party Type" />
  <Parameter id="param_calculation" column="5" value="eString:Partner Key" />
  <Parameter id="param_sortby_columns" value="eString:3,4,5" />
  <Parameter id="param_hide_empty_lines" value="eString:true" />
  <Parameter id="param_print_two_lines" value="eString:false" />
  <Parameter id="param_calculation" column="0" value="eString:Partner Key" />
  <Parameter id="ColumnWidth" column="0" value="eInteger:2" />
  <Parameter id="param_calculation" column="1" value="eString:Partner Name" />
  <Parameter id="ColumnWidth" column="1" value="eInteger:5" />
  <Parameter id="param_calculation" column="2" value="eString:Party Type" />
  <Parameter id="ColumnWidth" column="2" value="eDecimal:4616752568008179712" />
  <Parameter id="param_calculation" column="3" value="eString:Party Contact" />
  <Parameter id="ColumnWidth" column="3" value="eInteger:6" />
  <Parameter id="param_address_detail" value="eString:false" />
  <Parameter id="param_passport_detail" value="eString:false" />
  <Parameter id="param_church_detail" value="eString:false" />
</Parameters>