<?xml version="1.0"?>
<Parameters>
  <Parameter id="systemsettings" value="eBoolean:true" />
  <Parameter id="xmlfiles" value="eString:Personnel\\generalshorttermerreport.xml,Personnel\\shorttermerreport.xml" />
  <Parameter id="currentReport" value="eString:Short Termer Report" />
  <Parameter id="MaxDisplayColumns" value="eInteger:13" />
  <Parameter id="param_source" value="eString:Event" />
  <Parameter id="param_event_selection" value="eString:this" />
  <Parameter id="param_event_code" value="eString:" />
  <Parameter id="param_event_name" value="eString:" />
  <Parameter id="param_extract_name" value="eString:" />
  <Parameter id="param_conference_code" value="eString:" />
  <Parameter id="param_unit_key" value="eInteger:-1" />
  <Parameter id="param_application_status_accepted" value="eString:true" />
  <Parameter id="param_application_status_cancelled" value="eString:false" />
  <Parameter id="param_application_status_enquiry" value="eString:false" />
  <Parameter id="param_application_status_hold" value="eString:false" />
  <Parameter id="param_application_status_rejected" value="eString:false" />
  <Parameter id="orderby0" value="eString:Partner Name" />
  <Parameter id="orderby1" value="eString:Partner Key" />
  <Parameter id="orderby2" value="eString:Event Code" />
  <Parameter id="param_sortby_readable" value="eString:Partner Name, Partner Key, Event Code" />
  <Parameter id="param_sortby_columns" value="eString:8,9,10" />
  <Parameter id="param_hide_empty_lines" value="eString:false" />
  <Parameter id="param_print_two_lines" value="eString:false" />
  <Parameter id="param_calculation" column="0" value="eString:Partner Name" />
  <Parameter id="ColumnWidth" column="0" value="eInteger:3" />
  <Parameter id="param_calculation" column="1" value="eString:Passport Number" />
  <Parameter id="ColumnWidth" column="1" value="eInteger:3" />
  <Parameter id="param_calculation" column="2" value="eString:Application Status" />
  <Parameter id="ColumnWidth" column="2" value="eInteger:1" />
  <Parameter id="param_calculation" column="3" value="eString:Event Code" />
  <Parameter id="ColumnWidth" column="3" value="eDecimal:4613037098315599053" />
  <Parameter id="param_calculation" column="4" value="eString:Arrival Date" />
  <Parameter id="ColumnWidth" column="4" value="eInteger:2" />
  <Parameter id="param_calculation" column="5" value="eString:Departure Date" />
  <Parameter id="ColumnWidth" column="5" value="eInteger:2" />
  <Parameter id="param_calculation" column="6" value="eString:Fellowship Group" />
  <Parameter id="ColumnWidth" column="6" value="eDecimal:4608083138725491507" />
  <Parameter id="param_calculation" column="7" value="eString:Leader" />
  <Parameter id="ColumnWidth" column="7" value="eDecimal:4609434218613702656" />
  <Parameter id="param_calculation" column="8" value="eString:Marital Status" />
  <Parameter id="ColumnWidth" column="8" value="eDecimal:4609434218613702656" />
  <Parameter id="param_calculation" column="9" value="eString:Date of birth" />
  <Parameter id="ColumnWidth" column="9" value="eInteger:2" />
  <Parameter id="param_calculation" column="10" value="eString:Profession" />
  <Parameter id="ColumnWidth" column="10" value="eInteger:3" />
  <Parameter id="param_calculation" column="11" value="eString:Church Name" />
  <Parameter id="ColumnWidth" column="11" value="eDecimal:4612811918334230528" />
  <Parameter id="param_calculation" column="12" value="eString:Missing Information" />
  <Parameter id="ColumnWidth" column="12" value="eDecimal:4615063718147915776" />
  <Parameter id="param_address_detail" value="eString:false" />
  <Parameter id="param_passport_detail" value="eString:true" />
  <Parameter id="param_church_detail" value="eString:true" />
</Parameters>