<?xml version="1.0" encoding="ISO-8859-1" ?>
<!DOCTYPE reports SYSTEM "../reports.dtd">
<reports>
	<report id="SYBUNTReport">
		<description>
			This report identifies partners who gave a minimum amount "Some Year But Unfortunately Not This year�.
			Some year means a calendar year. For example, 1-1-2008 to 31-12-2008. During this period the partner gave more than the minimum amount.
			This year means a calender year. For example, 1-1-2010 to 31-12-2010. During this period the partner gave no gifts.
		</description>
		<reportparameters>
			<reportparameter name="param_ledger_number_i"/>
			<reportparameter name="param_currency"/>
			<reportparameter name="param_last_year_start_date"/>
			<reportparameter name="param_last_year_end_date"/> 
			<reportparameter name="param_this_year_start_date"/>
			<reportparameter name="param_this_year_end_date"/> 
			<reportparameter name="param_minimum_amount"/>
		</reportparameters>
		
		<reportheader/>
		<pageheader>
			<field whichfield="title1"><value text ="SYBUNT Report" /></field>
			<field whichfield="title2"><value function="getLedgerName({{param_ledger_number_i}})"/></field>
			<field whichfield="descr1"><value text="Ledger "/><value variable="param_ledger_number_i"/>
				<value text="   "/><value function="getLedgerName({{param_ledger_number_i}})"/></field>
			
			<field whichfield="period1">
				<fielddetail>
					<value text="Gift given in Year:  "/>
					<value variable="param_last_year"/>
					<value text="; No gifts in Year:  "/>
					<value variable="param_this_year"/>
				</fielddetail>
			</field>
			<field whichfield="period2">
				<value text="Minimum Amount: "/>
				<value variable="param_minimum_amount"/>
			</field>
			<field whichfield="period3">
				<value text="Sorted by: "></value>
				<value variable="param_sortby_readable"></value>
			</field>
			<field whichfield="descr2">
				<value text="Currency: "/>
				<value function="getCurrency({{param_ledger_number_i}}, {GLOBAL:param_currency})"/>
			</field>
			
		</pageheader>

		<calculations>
		
			<!-- Select Donors and Totals in a given period of time -->
			<calculation id="Select Donors" returns="DonorKey, ShortName, PartnerClass, Number, TotalGiven" returnsFormat="row">
				<query>
					<queryDetail>
						<value>
						SELECT DISTINCT
							gift.p_donor_key_n AS DonorKey,
							PUB_p_partner.p_partner_short_name_c AS ShortName,
							PUB_p_partner.p_partner_class_c AS PartnerClass,
							COUNT (*) AS Number,
						</value>
					</queryDetail>
					<queryDetail condition="eq({param_currency}, Base)">
						<value>
							SUM(detail.a_gift_amount_n) AS TotalGiven
						 </value>
					</queryDetail>
					<queryDetail condition="eq({param_currency}, International)">
						<value>
							SUM(detail.a_gift_amount_intl_n) AS TotalGiven
						 </value>
					</queryDetail>
					<queryDetail>
						<value>
						FROM
							 PUB_a_gift as gift, 
							 PUB_a_gift_detail as detail,
							 PUB_a_gift_batch,
							 PUB_p_partner
						 </value>
					</queryDetail>
					<queryDetail condition="eq({param_extract}, true)">
						<value>
							, PUB_m_extract,
							PUB_m_extract_master
						WHERE 
							gift.p_donor_key_n = PUB_m_extract.p_partner_key_n
							AND PUB_m_extract.m_extract_id_i = PUB_m_extract_master.m_extract_id_i
							AND PUB_m_extract_master.m_extract_name_c = {param_extract_name}
							AND
						</value>
					</queryDetail>
					<queryDetail condition="eq({param_all_partners}, true)">
						<value>
						WHERE
						</value>
					</queryDetail>
					<queryDetail>
						<value>
								detail.a_ledger_number_i =  {{param_ledger_number_i}}
							AND detail.a_batch_number_i = gift.a_batch_number_i
							AND detail.a_gift_transaction_number_i = gift.a_gift_transaction_number_i
							AND gift.a_date_entered_d BETWEEN {#param_last_year_start_date#}
								AND {#param_last_year_end_date#}
							AND gift.a_ledger_number_i = {{param_ledger_number_i}}
							AND PUB_p_partner.p_partner_key_n = gift.p_donor_key_n
							AND PUB_a_gift_batch.a_batch_status_c = 'Posted'
							AND PUB_a_gift_batch.a_batch_number_i = gift.a_batch_number_i
							AND PUB_a_gift_batch.a_ledger_number_i = {{param_ledger_number_i}}
						GROUP BY 
							gift.p_donor_key_n, 
							PUB_p_partner.p_partner_short_name_c,
							PUB_p_partner.p_partner_class_c
						</value>
					</queryDetail>
					<queryDetail condition="eq({param_currency}, Base)">
						<value>
							HAVING SUM(detail.a_gift_amount_n) &gt;= {{param_minimum_amount}}
						 </value>
					</queryDetail>
					<queryDetail condition="eq({param_currency}, International)">
						<value>
							HAVING SUM(detail.a_gift_amount_intl_n) &gt;= {{param_minimum_amount}}
						 </value>
					</queryDetail>
				</query>
			</calculation>

			<calculation id="Count Gifts This Year" returns="GiftCount" returnsFormat="row">
				<query>
					<queryDetail>
						<value>
						SELECT COUNT (gift.p_donor_key_n) AS GiftCount
						FROM
							 PUB_a_gift as gift, 
							 PUB_a_gift_detail as detail,
							 PUB_a_gift_batch
						WHERE
								detail.a_ledger_number_i = {{param_ledger_number_i}}
							AND detail.a_batch_number_i = gift.a_batch_number_i
							AND detail.a_gift_transaction_number_i = gift.a_gift_transaction_number_i
							AND gift.a_date_entered_d BETWEEN {#param_this_year_start_date#}
								AND {#param_this_year_end_date#}
							AND gift.a_ledger_number_i = {{param_ledger_number_i}}
							AND  gift.p_donor_key_n = {DonorKey}
							AND PUB_a_gift_batch.a_batch_status_c = 'Posted'
							AND PUB_a_gift_batch.a_batch_number_i = gift.a_batch_number_i
							AND PUB_a_gift_batch.a_ledger_number_i = {{param_ledger_number_i}}
						</value>
					</queryDetail>
				</query>
			</calculation>
			
			<calculation id="Hide Show Row" returns="automatic" returnsFormat="internal">
				<query>
					<queryDetail>
						<value text="NO-SQL"/>
						<value function="ConditionRow(eq({GiftCount}, 0))"/>
					</queryDetail>
					<queryDetail condition="eq({GiftCount}, 0)">
						<value function="SelectLastGift({DonorKey}, {param_ledger_number_i}, {param_last_year_start_date}, {param_last_year_end_date}, {param_currency})"/>
					</queryDetail>
				</query>
			</calculation>
			
			<calculation id="Gift Date" 
					returnsFormat="date" returns="text">
				<caption><value text="Gift Date"/></caption>
				<query>
					<queryDetail><value variable="GiftDate"/>
					</queryDetail>                                          
				</query>
			</calculation>
			<calculation id="Partner Key" returnsFormat="partnerkey" returns="text">
				<caption><value text="Partner Key"/></caption>
				<query>
					<queryDetail><value variable="DonorKey"/>
					</queryDetail>                                          
				</query>
			</calculation>
			<calculation id="Partner Name" returnsFormat="text" returns="text">
				<caption><value text="Partner Name"/></caption>
				<query>
					<queryDetail><value variable="ShortName"/>
					</queryDetail>                                          
				</query>
			</calculation>
			<calculation id="Partner Class" returnsFormat="text" returns="text">
				<caption><value text="Partner Class"/></caption>
				<query>
					<queryDetail><value variable="PartnerClass"/>
					</queryDetail>                                          
				</query>
			</calculation>
			<calculation id="Motivation Group" returnsFormat="text" returns="text">
				<caption><value text="Motivation Group"/></caption>
				<query>
					<queryDetail><value variable="MotivationGroup"/>
					</queryDetail>                                          
				</query>
			</calculation>
			<calculation id="Motivation Detail" returnsFormat="text" returns="text">
				<caption><value text="Motivation Detail"/></caption>
				<query>
					<queryDetail><value variable="MotivationDetail"/>
					</queryDetail>                                          
				</query>
			</calculation>
			<calculation id="Last Gift Date" returnsFormat="text" returns="text">
				<caption><value text="Last Gift Date"/></caption>
				<query>
					<queryDetail><value variable="LastGiftDate"/>
					</queryDetail>                                          
				</query>
			</calculation>
			<calculation id="Number" returnsFormat="text" returns="text">
				<caption><value text="Number"/></caption>
				<query>
					<queryDetail><value variable="Number"/>
					</queryDetail>                                          
				</query>
			</calculation>
			<calculation id="Last Gift Amount" returnsFormat="currency" returns="amount">
				<caption><value text="Last Gift Amount"/></caption>
				<query>
					<queryDetail><value variable="LastGiftAmount"/>
					</queryDetail>                                          
				</query>
			</calculation>
			
		</calculations>

		<levels>		
			<level name="main">
				<detail>
					<lowerLevelReport level="DonorLevel2" calculation="Select Donors"></lowerLevelReport>
				</detail>
			</level>
			
			<level name="DonorLevel2" identification="DonorKey">
				<detail>
					<field whichfield="left 0" pos="0cm" width="0cm" calculation="Count Gifts This Year"/>
					<field whichfield="columns" calculation="Hide Show Row"/>
				</detail>
			</level>

		</levels>
		
	</report><!-- Donor Report -->
	
</reports>