<?xml version="1.0" encoding="UTF-8"?>
<!DOCTYPE reports SYSTEM "../reports.dtd" >
<reports>

  <report id="Bulk Address">
	<description>
		Report for bulk addresses
	</description>
	<reportparameters>
		<reportparameter name="param_selection">
			<option name="one partner"></option>
			<option name="an extract"></option>
			<option name="all current staff"></option>
		</reportparameter>
		<reportparameter condition="param_selection=an extract" name="param_extract"></reportparameter>
		<reportparameter condition="param_selection=one partner" name="param_partnerkey"></reportparameter>
		<reportparameter condition="param_selection=all current staff" name="param_currentstaffdate"></reportparameter>
	</reportparameters>

    <reportheader></reportheader>
    <pageheader>
      <field whichfield="title1"><value text="Bulk Address Report"></value></field>
      <field whichfield="title2"><value function="getSiteName()"></value></field>
      <field whichfield="descr1">
        <value text="Sorted by: "></value>
        <value variable="param_order_by_name"></value>
      </field>
      <field whichfield="period2">
        <fielddetail>
          <value text="Selection: "></value>
        </fielddetail>
        <fielddetail condition="eq({param_selection},one partner)">
          <value text="Partner "></value><value variable="param_partnerkey"></value>
        </fielddetail>
        <fielddetail condition="eq({param_selection},an extract)">
          <value text="Extract "></value><value variable="param_extract"></value>
        </fielddetail>
        <fielddetail condition="eq({param_selection},all current staff)">
          <value text="All current Staff at date "></value><value variable="param_currentstaffdate" format="formatteddate"></value>
        </fielddetail>
      </field>
    </pageheader>

    <calculations>
	
	<calculation id="Select Partners" returns="PartnerKey, ShortName, Copies, Subscription" returnsFormat="row">
		<query>
			<queryDetail>
				<value>
					SELECT DISTINCT 
						PUB_p_partner.p_partner_key_n AS PartnerKey,
						PUB_p_partner.p_partner_short_name_c AS ShortName,
						PUB_p_subscription.p_publication_copies_i AS Copies,
						PUB_p_subscription.p_publication_code_c AS Subscription
				</value>
			</queryDetail>
			<queryDetail condition="eq({param_selection},one partner)">
				<value>
					FROM   
						PUB_p_partner,
						PUB_p_subscription
					WHERE  
						PUB_p_partner.p_partner_key_n = {{param_partnerkey}}
						AND PUB_p_subscription.p_partner_key_n = {{param_partnerkey}}
				</value>
			</queryDetail>
			<queryDetail condition="eq({param_selection},an extract)">
				<value>
					FROM
						PUB_p_partner,
						PUB_m_extract,
						PUB_m_extract_master,
						PUB_p_subscription
					WHERE 
						PUB_p_partner.p_partner_key_n = PUB_m_extract.p_partner_key_n
						AND PUB_m_extract.m_extract_id_i = PUB_m_extract_master.m_extract_id_i
						AND PUB_m_extract_master.m_extract_name_c = {param_extract}
						AND PUB_p_subscription.p_partner_key_n = PUB_m_extract.p_partner_key_n
				</value>
			</queryDetail>
			<queryDetail condition="eq({param_selection},all current staff)">
				<value>
					FROM 
						PUB_p_partner, 
						PUB_pm_staff_data,
						PUB_p_subscription
					WHERE 
						PUB_p_partner.p_partner_key_n = PUB_pm_staff_data.p_partner_key_n
						AND PUB_p_subscription.p_partner_key_n = PUB_pm_staff_data.p_partner_key_n
						AND PUB_pm_staff_data.pm_start_of_commitment_d &lt;= {#param_currentstaffdate#}
						AND (PUB_pm_staff_data.pm_end_of_commitment_d &gt;= {#param_currentstaffdate#}
						OR PUB_pm_staff_data.pm_end_of_commitment_d IS NULL) 
				</value>
			</queryDetail>
			<queryDetail>
				<value>
						AND PUB_p_subscription.p_publication_copies_i &gt; '1'
						
				</value>
			</queryDetail>
			<queryDetail condition="eq({param_order_by_name}, PartnerName)">
				<value>
						ORDER BY PUB_p_partner.p_partner_short_name_c
				</value>
			</queryDetail>
			<queryDetail condition="eq({param_order_by_name}, PartnerKey)">
				<value>
						ORDER BY PUB_p_partner.p_partner_key_n
				</value>
			</queryDetail>
			<queryDetail condition="eq({param_order_by_name}, Copies)">
				<value>
						ORDER BY PUB_p_subscription.p_publication_copies_i
				</value>
			</queryDetail>
			<queryDetail condition="eq({param_order_by_name}, Subscription)">
				<value>
						ORDER BY PUB_p_subscription.p_publication_code_c
				</value>
			</queryDetail>
		</query>
	</calculation> <!-- Select Partners -->
	
	<calculation id="MakeAddress" returns="automatic" returnsFormat="text">
		<query>
			<queryDetail>
				<value text="NO-SQL"/>
				<value function="GetPartnerBestAddress({PartnerKey})"/>
				<value function="assign(NumberOfAddresses, add({NumberOfAddresses}, 1))"/>
				<value function="assign(PartnerClassShort, substring({PartnerClass}, 0,  1))"/>
				<value function="assign(AddressFlag, valid address)"/>
			</queryDetail>
		
			<queryDetail condition="eq({SendMail}, false)">
				<value text="NO-SQL"/>
				<value function="assign(AddressFlag, no post to this address)"/>
			</queryDetail>
			<queryDetail condition="eq({Icon}, 2)">
				<value text="NO-SQL"/>
				<value function="assign(AddressFlag, not yet current)"/>
			</queryDetail>
			<queryDetail condition="eq({Icon}, 3)">
				<value text="NO-SQL"/>
				<value function="assign(AddressFlag, expired)"/>
			</queryDetail>
			
		</query>
	</calculation>
	
	<calculation align="left" id="Mailing" returns="text" returnsFormat="text">
		<caption><value text="Mailing"></value></caption>
		<query>
			<queryDetail>
				<value variable="Mailing"></value>
			</queryDetail>
		</query>
	</calculation>

	<calculation align="left" id="Partner Name" returns="text" returnsFormat="text">
		<caption><value text="Partner Name"></value></caption>
		<query>
			<queryDetail>
				<value variable="ShortName"></value>
			</queryDetail>
		</query>
	</calculation>

	<calculation align="left" id="Partner Key" returns="text" returnsFormat="partnerkey">
		<caption><value text="Partner Key"></value></caption>
		<query>
			<queryDetail>
				<value variable="PartnerKey"></value>
			</queryDetail>
		</query>
	</calculation>

	<calculation align="left" id="Street Name" returns="text" returnsFormat="text">
		<caption><value text="Street Name"></value></caption>
		<query>
			<queryDetail>
				<value variable="StreetName"></value>
			</queryDetail>
		</query>
	</calculation>
	
	<calculation align="left" id="First Address Line" returns="text" returnsFormat="text">
		<caption><value text="First Address Line"></value></caption>
		<query>
			<queryDetail>
				<value variable="Locality"></value>
			</queryDetail>
		</query>
	</calculation>
	
	<calculation align="left" id="Third Address Line" returns="text" returnsFormat="text">
		<caption><value text="Third Address Line"></value></caption>
		<query>
			<queryDetail>
				<value variable="Address3"></value>
			</queryDetail>
		</query>
	</calculation>
	
	<calculation align="left" id="Country" returns="text" returnsFormat="text">
		<caption><value text="Country"></value></caption>
		<query>
			<queryDetail>
				<value variable="CountryCode"></value>
			</queryDetail>
		</query>
	</calculation>
	
	<calculation align="left" id="County" returns="text" returnsFormat="text">
		<caption><value text="County"></value></caption>
		<query>
			<queryDetail>
				<value variable="County"></value>
			</queryDetail>
		</query>
	</calculation>
	
	<calculation align="left" id="City" returns="text" returnsFormat="text">
		<caption><value text="City"></value></caption>
		<query>
			<queryDetail>
				<value variable="City"></value>
			</queryDetail>
		</query>
	</calculation>
	
	<calculation align="left" id="Post Code" returns="text" returnsFormat="text">
		<caption><value text="Post Code"></value></caption>
		<query>
			<queryDetail>
				<value variable="PostalCode"></value>
			</queryDetail>
		</query>
	</calculation>
	
	<calculation align="left" id="SendMail" returns="text" returnsFormat="text">
		<caption><value text="Send Mail"></value></caption>
		<query>
			<queryDetail>
				<value variable="SendMail"></value>
			</queryDetail>
		</query>
	</calculation>
	
	<calculation align="left" id="Primary E-Mail" returns="text" returnsFormat="text">
			<caption><value text="Primary E-Mail"></value></caption>
			<query>
				<queryDetail>
					<value variable="EMailAddress"></value>
				</queryDetail>
			</query>
		</calculation>
	
	<calculation align="left" id="Primary Phone" returns="text" returnsFormat="text">
			<caption><value text="Primary Phone"></value></caption>
			<query>
				<queryDetail>
					<value variable="TelephoneNumber"></value>
				</queryDetail>
			</query>
		</calculation>
		
		<calculation align="left" id="TelephonePre" returns="text" returnsFormat="text">
			<query>
				<queryDetail>
					<value variable="TelephonePre"></value>
				</queryDetail>
			</query>
		</calculation>
		
		<calculation align="left" id="Alternate Telephone" returns="text" returnsFormat="text">
			<caption><value text="Alternate Telephone"></value></caption>
			<query>
				<queryDetail>
					<value variable="AlternateTelephone"></value>
				</queryDetail>
			</query>
		</calculation>
		
		<calculation align="left" id="Fax" returns="text" returnsFormat="text">
			<caption><value text="Fax"></value></caption>
			<query>
				<queryDetail>
					<value variable="FaxNumber"></value>
				</queryDetail>
			</query>
		</calculation>
		
		<calculation align="left" id="FaxPre" returns="text" returnsFormat="text">
			<query>
				<queryDetail>
					<value variable="FaxPre"></value>
				</queryDetail>
			</query>
		</calculation>
		
		<calculation align="left" id="Field" returns="text" returnsFormat="text">
			<caption><value text="Field"></value></caption>
			<query>
				<queryDetail>
					<value variable="Field"></value>
				</queryDetail>
			</query>
		</calculation>
		
		<calculation align="left" id="Mobile" returns="text" returnsFormat="text">
			<caption><value text="Mobile"></value></caption>
			<query>
				<queryDetail>
					<value variable="MobileNumber"></value>
				</queryDetail>
			</query>
		</calculation>
		
		<calculation align="left" id="Url" returns="text" returnsFormat="text">
			<caption><value text="Url"></value></caption>
			<query>
				<queryDetail>
					<value variable="Url"></value>
				</queryDetail>
			</query>
		</calculation>
		
		<calculation align="left" id="Address Type" returns="text" returnsFormat="text">
			<caption><value text="Address Type"></value></caption>
			<query>
				<queryDetail>
					<value variable="LocationType"></value>
				</queryDetail>
			</query>
		</calculation>
		
		<calculation align="left" id="Address Flag" returns="text" returnsFormat="text">
			<caption><value text="Address Flag"></value></caption>
			<query>
				<queryDetail>
					<value variable="AddressFlag"></value>
				</queryDetail>
			</query>
		</calculation>
		
		<calculation align="left" id="PartnerClass" returns="text" returnsFormat="text">
			<query>
				<queryDetail>
					<value variable="PartnerClass"></value>
				</queryDetail>
			</query>
		</calculation>
		
		<calculation id="Class Short Name" returnsFormat="text" returns="text" align="left">
			<query>
				<queryDetail>
					<value variable="PartnerClassShort"/>
				</queryDetail>                                          
			</query>
		</calculation>
	
		<calculation align="left" id="Copies" returns="text" returnsFormat="text">
			<caption><value text="Copies"></value></caption>
			<query>
				<queryDetail>
					<value variable="Copies"></value>
				</queryDetail>
			</query>
		</calculation>
		
		<calculation align="left" id="Subscription" returns="text" returnsFormat="text">
			<caption><value text="Subscription"></value></caption>
			<query>
				<queryDetail>
					<value variable="Subscription"></value>
				</queryDetail>
			</query>
		</calculation>
		
		<calculation align="left" id="NumberOfAddresses" returns="integer" returnsFormat="integer">
			<caption><value text="Number of Addresses"></value></caption>
			<query>
				<queryDetail>
					<value variable="NumberOfAddresses"></value>
				</queryDetail>
			</query>
		</calculation>
	
	</calculations>
    
	<levels>    
		<level name="main">
			<detail>
				<lowerLevelReport level="intermediatelevel"></lowerLevelReport>
			</detail>
		</level> <!-- main -->

		<level name="intermediatelevel">
			<detail>
				<lowerLevelReport calculation="Select Partners" level="PartnerLevel"></lowerLevelReport>
			</detail>
			<footer space="above" >
				<field whichfield="column 1" pos="0.0cm" width="3cm">
					<value text="Number of Addresses:"/>
				</field>
				<field whichfield="column 2" pos="3.2cm" width="1cm" format="integer">
					<value variable="NumberOfAddresses"/>
				</field>
				<!--field whichfield="column 3" pos="4.5cm" width="10cm">
					<value text="Address Flags:  * expired,   ^ not yet current,  # no post to this address"/>
				</field-->
			</footer>
		</level>
		
		  <level name="PartnerLevel" identification="PartnerKey">
			<detail>
				<field calculation="MakeAddress" whichfield="Columns"></field>
			</detail>
		   </level><!-- Partner Level -->
	
	</levels>

  </report>
  
</reports>
