<?xml version="1.0" encoding="UTF-8"?>
<!DOCTYPE reports SYSTEM "../reports.dtd" >
<reports>

	<report id="Partner Addresses">
		<description>
			Report for the Partner Addresses
		</description>
	<reportparameters>
		<reportparameter name="param_selection">
			<option name="one partner"></option>
			<option name="an extract"></option>
			<option name="all current staff"></option>
		</reportparameter>
		<reportparameter condition="param_selection=an extract" name="param_extract"></reportparameter>
		<reportparameter condition="param_selection=one partner" name="param_partnerkey"></reportparameter>
		<reportparameter condition="param_selection=all current staff" name="param_currentstaffdate"></reportparameter>
	</reportparameters>

	<reportheader></reportheader>
	<pageheader>
		<field whichfield="title1"><value text="Partner Address Report"></value></field>
		<field whichfield="title2"><value function="getSiteName()"></value></field>
		<field whichfield="descr1">
			<value text="Sorted by: "></value>
			<value variable="param_sortby_readable"></value>
		</field>
		<field whichfield="period2">
			<fielddetail>
				<value text="Selection: "></value>
			</fielddetail>
				<fielddetail condition="eq({param_selection},one partner)">
				<value text="Partner "></value><value variable="param_partnerkey"></value>
			</fielddetail>
				<fielddetail condition="eq({param_selection},an extract)">
				<value text="Extract "></value><value variable="param_extract"></value>
			</fielddetail>
				<fielddetail condition="eq({param_selection},all current staff)">
				<value text="All current Staff at date "></value><value variable="param_currentstaffdate" format="formatteddate"></value>
			</fielddetail>
		</field>
	</pageheader>

	<calculations>
		<calculation id="Select Partners" returns="PartnerKey, ShortName, PartnerClass" returnsFormat="row">
			<query>
				<queryDetail><value>
					SELECT DISTINCT PUB_p_partner.p_partner_key_n AS PartnerKey,
					PUB_p_partner.p_partner_short_name_c AS ShortName,
					PUB_p_partner.p_partner_class_c AS PartnerClass
				</value></queryDetail>

				<queryDetail condition="eq({param_selection},one partner)"><value>
					FROM   PUB_p_partner
					WHERE  PUB_p_partner.p_partner_key_n = {{param_partnerkey}}
				</value></queryDetail>

				<queryDetail condition="eq({param_selection},an extract)"><value>
					FROM PUB_p_partner, PUB_m_extract, PUB_m_extract_master
					WHERE PUB_p_partner.p_partner_key_n = PUB_m_extract.p_partner_key_n
					AND PUB_m_extract.m_extract_id_i = PUB_m_extract_master.m_extract_id_i
					AND PUB_m_extract_master.m_extract_name_c = {param_extract}
				</value></queryDetail>

                <queryDetail condition="eq({param_selection},all current staff)"><value>
					FROM PUB_p_partner, PUB_pm_staff_data
					WHERE PUB_p_partner.p_partner_key_n = PUB_pm_staff_data.p_partner_key_n
					AND PUB_pm_staff_data.pm_start_of_commitment_d &lt;= {#param_currentstaffdate#}
					AND (PUB_pm_staff_data.pm_end_of_commitment_d &gt;= {#param_currentstaffdate#}
					OR PUB_pm_staff_data.pm_end_of_commitment_d IS NULL) 
				</value></queryDetail>

			</query>
		</calculation> <!-- Select Partners -->
	  
	  
		<calculation id="Select Partners All Addresses" returns="PartnerKey, ShortName, PartnerClass,
		LocationKey, SiteKey, StreetName, Locality, City, PostalCode, CountryCode, County,
		DateEffective, DateGoodUntil, Address3, LocationType" returnsFormat="row">
			<query>
				<queryDetail><value>
					SELECT DISTINCT 
							PUB_p_partner.p_partner_key_n AS PartnerKey,
							PUB_p_partner.p_partner_short_name_c AS ShortName,
							PUB_p_partner.p_partner_class_c AS PartnerClass,
							Location.p_street_name_c AS StreetName,
							Location.p_locality_c AS Locality,
							Location.p_city_c AS City,
							Location.p_postal_code_c AS PostalCode,
							Location.p_country_code_c AS CountryCode,
							Location.p_address_3_c AS Address3,
							Location.p_location_key_i AS LocationKey,
							Location.p_county_c AS County,
							PartnerLocation.p_location_key_i AS LocationKey,
							PartnerLocation.p_site_key_n AS SiteKey,
							PartnerLocation.p_date_effective_d AS DateEffective,
							PartnerLocation.p_date_good_until_d AS DateGoodUntil,
<!--                            (SELECT p_value_c from p_partner_attribute a where a.p_primary_l=true and a.p_attribute_type_c='E-Mail' and PUB_p_partner.p_partner_key_n=a.p_partner_key_n) as EMailAddress, --> <!-- Email currently retrieved through function call: GetPartnerContactDetails -->
<!--                            (SELECT p_value_c from p_partner_attribute b where b.p_primary_l=true and b.p_attribute_type_c='Phone' and PUB_p_partner.p_partner_key_n=b.p_partner_key_n) as TelephonePre, --> <!-- Phone currently retrieved through function call: GetPartnerContactDetails -->
							PartnerLocation.p_location_type_c AS LocationType
					FROM 
							PUB_p_partner_location AS PartnerLocation,
							PUB_p_location AS Location,
				</value></queryDetail>

				<queryDetail condition="eq({param_selection},one partner)"><value>
						PUB_p_partner
					WHERE  PUB_p_partner.p_partner_key_n = {{param_partnerkey}}
						AND PartnerLocation.p_partner_key_n ={{param_partnerkey}}
				</value></queryDetail>

				<queryDetail condition="eq({param_selection},an extract)"><value>
						PUB_p_partner, PUB_m_extract, PUB_m_extract_master
					WHERE 
						PUB_p_partner.p_partner_key_n = PUB_m_extract.p_partner_key_n
						AND PUB_m_extract.m_extract_id_i = PUB_m_extract_master.m_extract_id_i
						AND PUB_m_extract_master.m_extract_name_c = {param_extract}
						AND PartnerLocation.p_partner_key_n =PUB_m_extract.p_partner_key_n
				</value></queryDetail>

				<queryDetail condition="or(eq({param_selection},all current staff),eq({param_selection},all staff))"><value>
						PUB_p_partner, PUB_pm_staff_data 
					WHERE 
						PUB_p_partner.p_partner_key_n = PUB_pm_staff_data.p_partner_key_n
						AND PartnerLocation.p_partner_key_n =PUB_pm_staff_data.p_partner_key_n
				</value></queryDetail>

				<queryDetail> 
					<value>
						AND PartnerLocation.p_location_key_i=Location.p_location_key_i
					</value>
				</queryDetail>

				<queryDetail condition="eq({param_selection},all current staff)"><value>
						AND PUB_pm_staff_data.pm_start_of_commitment_d &lt;= {#param_currentstaffdate#}
						AND (PUB_pm_staff_data.pm_end_of_commitment_d &gt;= {#param_currentstaffdate#}
						OR PUB_pm_staff_data.pm_end_of_commitment_d IS NULL) 
				</value></queryDetail>
			</query>
		</calculation> <!-- Select Partners All Addresses -->
	
		<calculation id="GetBestAddressDetails" returns="City" returnsFormat="internal">
			<query>
				<queryDetail>
					<value text="NO-SQL"/>
					<value function="GetPartnerBestAddress({PartnerKey})"/>
					<value function="assign(PartnerClassShort, substring({PartnerClass}, 0,  1))"/>
					<value function="assign(Field, GetFieldOfPartner({PartnerKey}))"/>
				</queryDetail>
			</query>
		</calculation>
	
		<calculation id="CleanUp" returns="PartnerClassShort, Field" returnsFormat="text">
			<query>
                <queryDetail>
                    <value text="NO-SQL"/>
					<value function="GetPartnerContactDetails({PartnerKey})"/>
                    <value function="assign(PartnerClassShort, substring({PartnerClass}, 0,  1))"/>
                    <value function="assign(Field, GetFieldOfPartner({PartnerKey}))"/>
                </queryDetail>
			</query>
		</calculation>

		<calculation align="left" id="Partner Name" returns="text" returnsFormat="text">
			<caption><value text="Partner name"></value></caption>
			<query>
				<queryDetail>
					<value variable="ShortName"></value>
				</queryDetail>
			</query>
		</calculation>

        <!-- <calculation align="left" id="Partner Name" returns="text" returnsFormat="text">
            <caption><value text="Partner Name"></value></caption>
            <query>
                <queryDetail>
                    <value variable="NameWithTitle"></value>
                </queryDetail>
            </query>
        </calculation> -->

		<calculation align="left" id="Partner Key" returns="text" returnsFormat="partnerkey">
			<caption><value text="Partner Key"></value></caption>
			<query>
				<queryDetail>
					<value variable="PartnerKey"></value>
				</queryDetail>
			</query>
		</calculation>
		  
		<calculation align="left" id="Primary E-Mail" returns="text" returnsFormat="text">
			<caption><value text="Primary E-Mail"></value></caption>
			<query>
				<queryDetail>
					<value variable="EMailAddress"></value>
				</queryDetail>
			</query>
		</calculation>
		
		<calculation align="left" id="Street Name" returns="text" returnsFormat="text">
			<caption><value text="Street Name"></value></caption>
			<query>
				<queryDetail>
					<value variable="StreetName"></value>
				</queryDetail>
			</query>
		</calculation>
		
		<calculation align="left" id="First Address Line" returns="text" returnsFormat="text">
			<caption><value text="First Address Line"></value></caption>
			<query>
				<queryDetail>
					<value variable="Locality"></value>
				</queryDetail>
			</query>
		</calculation>
		
		<calculation align="left" id="Third Address Line" returns="text" returnsFormat="text">
			<caption><value text="Third Address Line"></value></caption>
			<query>
				<queryDetail>
					<value variable="Address3"></value>
				</queryDetail>
			</query>
		</calculation>
		
		<calculation align="left" id="Country" returns="text" returnsFormat="text">
			<caption><value text="Country"></value></caption>
			<query>
				<queryDetail>
					<value variable="CountryCode"></value>
				</queryDetail>
			</query>
		</calculation>
		
		<calculation align="left" id="County" returns="text" returnsFormat="text">
			<caption><value text="County"></value></caption>
			<query>
				<queryDetail>
					<value variable="County"></value>
				</queryDetail>
			</query>
		</calculation>
		
		<calculation align="left" id="City" returns="text" returnsFormat="text">
			<caption><value text="City"></value></caption>
			<query>
				<queryDetail>
					<value variable="City"></value>
				</queryDetail>
			</query>
		</calculation>
		
		<calculation align="left" id="Post Code" returns="text" returnsFormat="text">
			<caption><value text="Post Code"></value></caption>
			<query>
				<queryDetail>
					<value variable="PostalCode"></value>
				</queryDetail>
			</query>
		</calculation>
		
		<calculation align="left" id="PartnerClass" returns="text" returnsFormat="text">
			<query>
				<queryDetail>
					<value variable="PartnerClass"></value>
				</queryDetail>
			</query>
		</calculation>
		
		<calculation id="Class Short Name" returnsFormat="text" returns="text" align="left">
			<query>
				<queryDetail>
					<value variable="PartnerClassShort"/>
				</queryDetail>                                          
			</query>
		</calculation>
		
		<calculation align="left" id="Partner Class" returns="text" returnsFormat="text">
			<caption>
				<value text="Class"></value>
			</caption>
			<query>
				<queryDetail>
					<value variable="PartnerClassShort"></value>
				</queryDetail>
			</query>
		</calculation>
		
		<calculation align="left" id="Primary Phone" returns="text" returnsFormat="text">
			<caption><value text="Primary Phone"></value></caption>
			<query>
				<queryDetail>
					<value variable="TelephoneNumber"></value>
				</queryDetail>
			</query>
		</calculation>
		
		<calculation align="left" id="TelephonePre" returns="text" returnsFormat="text">
			<query>
				<queryDetail>
					<value variable="TelephonePre"></value>
				</queryDetail>
			</query>
		</calculation>
		
		<calculation align="left" id="Alternate Telephone" returns="text" returnsFormat="text">
			<caption><value text="Alternate Telephone"></value></caption>
			<query>
				<queryDetail>
					<value variable="AlternateTelephone"></value>
				</queryDetail>
			</query>
		</calculation>
		
		<calculation align="left" id="Fax" returns="text" returnsFormat="text">
			<caption><value text="Fax"></value></caption>
			<query>
				<queryDetail>
					<value variable="FaxNumber"></value>
				</queryDetail>
			</query>
		</calculation>
		
		<calculation align="left" id="FaxPre" returns="text" returnsFormat="text">
			<query>
				<queryDetail>
					<value variable="FaxPre"></value>
				</queryDetail>
			</query>
		</calculation>
		
		<calculation align="left" id="Field" returns="text" returnsFormat="text">
			<caption><value text="Field"></value></caption>
			<query>
				<queryDetail>
					<value variable="Field"></value>
				</queryDetail>
			</query>
		</calculation>
		
		<calculation align="left" id="Mobile" returns="text" returnsFormat="text">
			<caption><value text="Mobile"></value></caption>
			<query>
				<queryDetail>
					<value variable="MobileNumber"></value>
				</queryDetail>
			</query>
		</calculation>
		
		<calculation align="left" id="Url" returns="text" returnsFormat="text">
			<caption><value text="Url"></value></caption>
			<query>
				<queryDetail>
					<value variable="Url"></value>
				</queryDetail>
			</query>
		</calculation>
		
		<calculation align="left" id="Address Type" returns="text" returnsFormat="text">
			<caption><value text="Address Type"></value></caption>
			<query>
				<queryDetail>
					<value variable="LocationType"></value>
				</queryDetail>
			</query>
		</calculation>
		
		<calculation align="left" id="Send Mail" returns="text" returnsFormat="text">
			<caption><value text="Send Mail"></value></caption>
			<query>
				<queryDetail>
					<value variable="SendMail"></value>
				</queryDetail>
			</query>
		</calculation>
		
		<calculation align="left" id="Address valid to" returns="text" returnsFormat="formatteddate">
			<caption><value text="Valid to"></value></caption>
			<query>
				<queryDetail>
					<value variable="DateGoodUntil"></value>
				</queryDetail>
			</query>
		</calculation>
		
		<calculation align="left" id="Address valid from" returns="text" returnsFormat="formatteddate">
			<caption><value text="Valid from"></value></caption>
			<query>
				<queryDetail>
					<value variable="DateEffective"></value>
				</queryDetail>
			</query>
		</calculation>
		
		<calculation align="left" id="LocationKey" returns="text" returnsFormat="text">
			<caption><value text="Location Key"></value></caption>
			<query>
				<queryDetail>
					<value variable="LocationKey"></value>
				</queryDetail>
			</query>
		</calculation>
		
		<calculation align="left" id="SiteKey" returns="text" returnsFormat="text">
			<caption><value text="Site Key"></value></caption>
			<query>
				<queryDetail>
					<value variable="SiteKey"></value>
				</queryDetail>
			</query>
		</calculation>
      
	</calculations>
    
	<levels>    
		<level name="main">
			<detail>
				<switch>
					<case condition="eq({param_addressdetail}, GetBestAddressForPartner)">
						<lowerLevelReport calculation="Select Partners" level="Partner Details"></lowerLevelReport>
					</case>
					<default>
						<lowerLevelReport calculation="Select Partners All Addresses" level="Partner Details"></lowerLevelReport>
					</default>
				</switch>
			</detail>
		</level> <!-- main -->

		  <!-- Partner Details -->
		<level name="Partner Details" identification="PartnerKey">
			<header>
			</header>
			<detail>
				<switch>
					<case condition="eq({param_addressdetail}, GetBestAddressForPartner)">
						<field whichfield="Columns" calculation="GetBestAddressDetails"></field>
					</case>
					<default>
						<field whichfield="Columns" calculation="CleanUp"></field>
					</default>
				</switch>
			</detail>
		</level><!-- Partner Details -->
	</levels>

</report><!-- Partner Addresses -->
</reports>
