<?xml version="1.0"?>
<Parameters>
  <Parameter id="systemsettings" value="eBoolean:true" />
  <Parameter id="xmlfiles" value="eString:FDIncomeByFund.xml, common.xml" />
  <Parameter id="currentReport" value="eString:FDIncomeByFund" />
  <Parameter id="MaxDisplayColumns" value="eInteger:8" />
  <Parameter id="param_rgrPeriod" value="eString:PeriodRange" />
  <Parameter id="param_start_period_i" value="eInteger:1" />
  <Parameter id="param_end_period_i" value="eInteger:12" />
  <Parameter id="param_calculation" column="0" value="eString:GiftsByMotivation" />
  <Parameter id="param_caption" column="0" value="eString:Support" />
  <Parameter id="param_explicit_motivation" column="0" value="eString:GIFT,SUPPORT,GIFT,PERSONAL" />
  <Parameter id="param_ytd" column="0" value="eBoolean:false" />
  <Parameter id="ColumnWidth" column="0" value="eInteger:2" />
  <Parameter id="param_calculation" column="1" value="eString:GiftsByMotivation" />
  <Parameter id="param_caption" column="1" value="eString:Field" />
  <Parameter id="param_exclude_motivation" column="1" value="eString:GIFT,SUPPORT,GIFT,PERSONAL" />
  <Parameter id="param_ytd" column="1" value="eBoolean:false" />
  <Parameter id="ColumnWidth" column="1" value="eInteger:2" />
  <Parameter id="param_calculation" column="2" value="eString:GiftsByMotivation" />
  <Parameter id="param_caption" column="2" value="eString:Total" />
  <Parameter id="param_ytd" column="2" value="eBoolean:false" />
  <Parameter id="ColumnWidth" column="2" value="eInteger:2" />
  <Parameter id="param_calculation" column="3" value="eString:% of Grand Income" />
  <Parameter id="FirstColumn" column="3" value="eInteger:1" />
  <Parameter id="param_ytd" column="3" value="eBoolean:false" />
  <Parameter id="ColumnWidth" column="3" value="eInteger:2" />
  <Parameter id="param_calculation" column="4" value="eString:GiftsByMotivation" />
  <Parameter id="param_caption" column="4" value="eString:Support" />
  <Parameter id="param_explicit_motivation" column="4" value="eString:GIFT,SUPPORT,GIFT,PERSONAL" />
  <Parameter id="param_ytd" column="4" value="eBoolean:true" />
  <Parameter id="ColumnWidth" column="4" value="eInteger:2" />
  <Parameter id="param_calculation" column="5" value="eString:GiftsByMotivation" />
  <Parameter id="param_caption" column="5" value="eString:Field" />
  <Parameter id="param_exclude_motivation" column="5" value="eString:GIFT,SUPPORT,GIFT,PERSONAL" />
  <Parameter id="param_ytd" column="5" value="eBoolean:true" />
  <Parameter id="ColumnWidth" column="5" value="eInteger:2" />
  <Parameter id="param_calculation" column="6" value="eString:GiftsByMotivation" />
  <Parameter id="param_caption" column="6" value="eString:Total" />
  <Parameter id="param_ytd" column="6" value="eBoolean:true" />
  <Parameter id="ColumnWidth" column="6" value="eInteger:2" />
  <Parameter id="param_calculation" column="7" value="eString:% of Grand Income" />
  <Parameter id="FirstColumn" column="7" value="eInteger:6" />
  <Parameter id="param_ytd" column="7" value="eBoolean:true" />
  <Parameter id="ColumnWidth" column="7" value="eInteger:2" />
  <Parameter id="param_account_hierarchy_c" value="eString:STANDARD" />
  <Parameter id="param_currency" value="eString:base" />
  <Parameter id="param_depth" value="eString:standard" />
  <Parameter id="param_currency_format" value="eString:CurrencyWithoutDecimals" />
  <Parameter id="param_ytd" value="eString:mixed" />
</Parameters>