<?xml version="1.0"?>
<Parameters>
  <Parameter id="systemsettings" value="eBoolean:true" />
  <Parameter id="xmlfiles" value="eString:FinancialDevelopment\\donorreportshort.xml,common.xml" />
  <Parameter id="currentReport" value="eString:DonorReportShort" />
  <Parameter id="MaxDisplayColumns" value="eInteger:9" />
  <Parameter id="param_partner_source" value="eString:AllPartner" />
  <Parameter id="param_currency" value="eString:Base" />
  <Parameter id="param_rgrSorting" value="eString:Donor Name" />
  <Parameter id="param_calculation" column="0" value="eString:DonorKey" />
  <Parameter id="ColumnWidth" column="0" value="eDecimal:4612811918334230528" />
  <Parameter id="param_ytd" column="0" value="eString:false" />
  <Parameter id="param_calculation" column="1" value="eString:Partner Class" />
  <Parameter id="ColumnWidth" column="1" value="eInteger:2" />
  <Parameter id="param_ytd" column="1" value="eString:false" />
  <Parameter id="param_calculation" column="2" value="eString:Partner Name" />
  <Parameter id="ColumnWidth" column="2" value="eInteger:3" />
  <Parameter id="param_ytd" column="2" value="eString:false" />
  <Parameter id="param_calculation" column="3" value="eString:Address line 1" />
  <Parameter id="ColumnWidth" column="3" value="eDecimal:4612811918334230528" />
  <Parameter id="param_ytd" column="3" value="eString:false" />
  <Parameter id="param_calculation" column="4" value="eString:Street" />
  <Parameter id="ColumnWidth" column="4" value="eInteger:3" />
  <Parameter id="param_ytd" column="4" value="eString:false" />
  <Parameter id="param_calculation" column="5" value="eString:Post Code" />
  <Parameter id="ColumnWidth" column="5" value="eDecimal:4610785298501913805" />
  <Parameter id="param_ytd" column="5" value="eString:false" />
  <Parameter id="param_calculation" column="6" value="eString:City" />
  <Parameter id="ColumnWidth" column="6" value="eInteger:3" />
  <Parameter id="param_ytd" column="6" value="eString:false" />
  <Parameter id="param_calculation" column="7" value="eString:Country" />
  <Parameter id="ColumnWidth" column="7" value="eDecimal:4609434218613702656" />
  <Parameter id="param_ytd" column="7" value="eString:false" />
  <Parameter id="param_calculation" column="8" value="eString:Total Given" />
  <Parameter id="ColumnWidth" column="8" value="eInteger:2" />
  <Parameter id="param_ytd" column="8" value="eString:false" />
  <Parameter id="param_currency_format" value="eString:CurrencyComplete" />
</Parameters>