<?xml version="1.0"?>
<Parameters>
  <Parameter id="systemsettings" value="eBoolean:true" />
  <Parameter id="xmlfiles" value="eString:Finance\\recipientgiftstatement.xml,Finance\\finance.xml,common.xml" />
  <Parameter id="currentReport" value="eString:RecipientGiftStatement" />
  <Parameter id="MaxDisplayColumns" value="eInteger:5" />
  <Parameter id="param_report_type" value="eString:Gifts Only" />
  <Parameter id="param_recipient" value="eString:All Recipients" />
  <Parameter id="param_currency" value="eString:Base" />
  <Parameter id="param_calculation" column="0" value="eString:Donor Key" />
  <Parameter id="param_ytd" column="0" value="eString:false" />
  <Parameter id="ColumnWidth" column="0" value="eDecimal:4612811918334230528" />
  <Parameter id="param_calculation" column="1" value="eString:Donor Name" />
  <Parameter id="param_ytd" column="1" value="eString:false" />
  <Parameter id="ColumnWidth" column="1" value="eInteger:4" />
  <Parameter id="param_calculation" column="2" value="eString:Donor Class" />
  <Parameter id="param_ytd" column="2" value="eString:false" />
  <Parameter id="ColumnWidth" column="2" value="eInteger:2" />
  <Parameter id="param_calculation" column="3" value="eString:Gift Date" />
  <Parameter id="FirstColumn" column="3" value="eInteger:0" />
  <Parameter id="SecondColumn" column="3" value="eInteger:1" />
  <Parameter id="param_ytd" column="3" value="eString:false" />
  <Parameter id="ColumnWidth" column="3" value="eInteger:2" />
  <Parameter id="param_calculation" column="4" value="eString:Gift Amount" />
  <Parameter id="FirstColumn" column="4" value="eInteger:0" />
  <Parameter id="SecondColumn" column="4" value="eInteger:1" />
  <Parameter id="param_ytd" column="4" value="eString:false" />
  <Parameter id="ColumnWidth" column="4" value="eInteger:2" />
  <Parameter id="param_currency_format" value="eString:CurrencyComplete" />
  <Parameter id="param_recipientkey" value="eInteger:0" />
  <Parameter id="param_extract_name" value="eString:" />
  <Parameter id="param_gift_amount_column" value="eInteger:4" />
  <Parameter id="param_order_by_name" value="eString:RecipientKey" />
</Parameters>