<?xml version="1.0"?>
<Parameters>
  <Parameter id="systemsettings" value="eBoolean:true" />
  <Parameter id="xmlfiles" value="eString:Finance\\oneyearmonthlygiving.xml,Finance\\finance.xml,common.xml" />
  <Parameter id="currentReport" value="eString:OneYearMonthlyGiving" />
  <Parameter id="MaxDisplayColumns" value="eInteger:15" />
  <Parameter id="param_recipient" value="eString:One Recipient" />
  <Parameter id="param_currency" value="eString:Base" />
  <Parameter id="param_calculation" column="0" value="eString:Donor Key" />
  <Parameter id="ColumnWidth" column="0" value="eInteger:2" />
  <Parameter id="param_ytd" column="0" value="eString:false" />
  <Parameter id="param_calculation" column="1" value="eString:Donor Name" />
  <Parameter id="ColumnWidth" column="1" value="eDecimal:4615063718147915776" />
  <Parameter id="param_ytd" column="1" value="eString:false" />
  <Parameter id="param_calculation" column="2" value="eString:January" />
  <Parameter id="ColumnWidth" column="2" value="eDecimal:4609434218613702656" />
  <Parameter id="param_ytd" column="2" value="eString:false" />
  <Parameter id="param_calculation" column="3" value="eString:February" />
  <Parameter id="ColumnWidth" column="3" value="eDecimal:4609434218613702656" />
  <Parameter id="param_ytd" column="3" value="eString:false" />
  <Parameter id="param_calculation" column="4" value="eString:March" />
  <Parameter id="ColumnWidth" column="4" value="eDecimal:4609434218613702656" />
  <Parameter id="param_ytd" column="4" value="eString:false" />
  <Parameter id="param_calculation" column="5" value="eString:April" />
  <Parameter id="ColumnWidth" column="5" value="eDecimal:4609434218613702656" />
  <Parameter id="param_ytd" column="5" value="eString:false" />
  <Parameter id="param_calculation" column="6" value="eString:May" />
  <Parameter id="ColumnWidth" column="6" value="eDecimal:4609434218613702656" />
  <Parameter id="param_ytd" column="6" value="eString:false" />
  <Parameter id="param_calculation" column="7" value="eString:June" />
  <Parameter id="ColumnWidth" column="7" value="eDecimal:4609434218613702656" />
  <Parameter id="param_ytd" column="7" value="eString:false" />
  <Parameter id="param_calculation" column="8" value="eString:July" />
  <Parameter id="ColumnWidth" column="8" value="eDecimal:4609434218613702656" />
  <Parameter id="param_ytd" column="8" value="eString:false" />
  <Parameter id="param_calculation" column="9" value="eString:August" />
  <Parameter id="ColumnWidth" column="9" value="eDecimal:4609434218613702656" />
  <Parameter id="param_ytd" column="9" value="eString:false" />
  <Parameter id="param_calculation" column="10" value="eString:September" />
  <Parameter id="ColumnWidth" column="10" value="eDecimal:4609434218613702656" />
  <Parameter id="param_ytd" column="10" value="eString:false" />
  <Parameter id="param_calculation" column="11" value="eString:October" />
  <Parameter id="ColumnWidth" column="11" value="eDecimal:4609434218613702656" />
  <Parameter id="param_ytd" column="11" value="eString:false" />
  <Parameter id="param_calculation" column="12" value="eString:November" />
  <Parameter id="ColumnWidth" column="12" value="eDecimal:4609434218613702656" />
  <Parameter id="param_ytd" column="12" value="eString:false" />
  <Parameter id="param_calculation" column="13" value="eString:December" />
  <Parameter id="ColumnWidth" column="13" value="eDecimal:4609434218613702656" />
  <Parameter id="param_ytd" column="13" value="eString:false" />
  <Parameter id="param_calculation" column="14" value="eString:Total" />
  <Parameter id="ColumnWidth" column="14" value="eInteger:2" />
  <Parameter id="param_ytd" column="14" value="eString:false" />
  <Parameter id="param_currency_format" value="eString:CurrencyComplete" />
  <Parameter id="param_recipient_key" value="eInteger:0" />
  <Parameter id="param_extract_name" value="eString:" />
  <Parameter id="param_order_by_name" value="eString:RecipientKey" />
</Parameters>