<?xml version="1.0" encoding="ISO-8859-1" ?>
<!DOCTYPE reports SYSTEM "../reports.dtd">
<reports>
	<report id="DonorGiftToFields">
		<description>
			This report shows all gifts from a particular donor to a specific field for a specified period
		</description>
		<reportparameters>
			<reportparameter name="param_ledger_number_i"/>
			<reportparameter name="param_currency"/>
			<reportparameter name="param_start_date"/>
			<reportparameter name="param_end_date"/> 
			<reportparameter name="param_from_date_previous_year"/>
			<reportparameter name="param_to_date_previous_year"/>
			<reportparameter name="param_from_date_this_year"/>
			<reportparameter name="param_to_date_this_year"/>
			<reportparameter name="param_min_amount"/>
			<reportparameter name="param_max_amount"/>
		</reportparameters>
		
		<reportheader/>
		<pageheader>
			<field whichfield="title1">
				<value text="Donor Gifts to Field (" />
				<value variable="param_report_type" />
				<value text=")" />
			</field>
			
			<field whichfield="title2"><value function="getLedgerName({{param_ledger_number_i}})"/></field>
			<field whichfield="descr1">
				<value text="Ledger "/>
				<value variable="param_ledger_number_i"/>
				<value text="   "/>
				<value function="getLedgerName({{param_ledger_number_i}})"/>
			</field>
			<field whichfield="descr2">
				<fielddetail condition="eq({param_donor}, All Donors)">
					<value text="All Donors"/>
				</fielddetail>
				<fielddetail condition="eq({param_donor}, One Donor)">
					<value text="One Donor: "/>
					<value variable="{param_donorkey}"/>
				</fielddetail>
				<fielddetail condition="eq({param_donor}, Extract)">
					<value text="Donors from Extract: "/>
					<value variable="{param_extract_name}"/>
				</fielddetail>
			</field>
			<field whichfield="descr3">
				<fielddetail condition="eq({param_field_selection}, all_fields)">
					<value text="All Fields"/>
				</fielddetail>
				<fielddetail condition="eq({param_field_selection}, selected_fields)">
					<value text="Fields: "/>
					<value variable="param_clbFields"/>
				</fielddetail>
			</field>
			<field whichfield="period1">
				<fielddetail>
					<value text="From: "/>
					<value variable="param_from_date" format="formatteddate"/>
					<value text=" To: "/>
					<value variable="param_to_date" format="formatteddate"/>
				</fielddetail>
			</field>
			<field whichfield="period2">
				<value text="Gift Amount From: "/>
				<value variable="param_min_amount" format="currency" />
				<value text=" To: "/>
				<value variable="param_max_amount" format="currency"/>
			</field>
			<field whichfield="period3">
				<value text="Currency: "/>
				<value function="getCurrency({{param_ledger_number_i}}, {GLOBAL:param_currency})"/>
			</field>
			
		</pageheader>

		<calculations>
		
			<!-- Select Donors in a given period of time -->
			<calculation id="SelectDonors" returns="DonorKey, DonorName, DonorClass" returnsFormat="row">
				<query>
					<queryDetail>
						<value>
						SELECT DISTINCT
							gift.p_donor_key_n AS DonorKey,
							PUB_p_partner.p_partner_short_name_c AS DonorName,
							PUB_p_partner.p_partner_class_c AS DonorClass
						FROM
							PUB_a_gift as gift, 
							PUB_a_gift_detail as detail,
							PUB_a_gift_batch,
							PUB_p_partner
						</value>
					</queryDetail>
					<queryDetail condition="eq({param_donor}, Extract)">
						<value>
							, PUB_m_extract,
							PUB_m_extract_master
						WHERE 
							gift.p_donor_key_n =  PUB_m_extract.p_partner_key_n
							AND PUB_m_extract.m_extract_id_i = PUB_m_extract_master.m_extract_id_i
							AND PUB_m_extract_master.m_extract_name_c = {param_extract_name}
							AND
						</value>
					</queryDetail>
					<queryDetail condition="eq({param_donor}, All Donors)">
						<value>
						WHERE
						</value>
					</queryDetail>
					<queryDetail condition="eq({param_donor}, One Donor))">
						<value>
						WHERE
							gift.p_donor_key_n = {param_donorkey}
							AND
						</value>
					</queryDetail>
					<queryDetail>
						<value>
								detail.a_ledger_number_i = gift.a_ledger_number_i
							AND detail.a_batch_number_i = gift.a_batch_number_i
							AND detail.a_gift_transaction_number_i = gift.a_gift_transaction_number_i
							AND gift.a_date_entered_d BETWEEN {#param_from_date#} AND {#param_to_date#}
							AND gift.a_ledger_number_i ={{param_ledger_number_i}}
							
							AND PUB_a_gift_batch.a_batch_status_c = 'Posted'
							AND PUB_a_gift_batch.a_batch_number_i = gift.a_batch_number_i
							AND PUB_a_gift_batch.a_ledger_number_i = {{param_ledger_number_i}}
							
							AND PUB_p_partner.p_partner_key_n = gift.p_donor_key_n
						</value>
					</queryDetail>
					
					<queryDetail condition="eq({param_field_selection}, selected_fields)">
						<value>
							AND
						 </value>
					</queryDetail>
					<queryDetail condition="eq({param_field_selection}, selected_fields)">
							<value function="csv" text="detail.a_recipient_ledger_number_n" 
									variable="param_clbFields" calculation="OR" format="Number">
							</value>
					</queryDetail>
				</query>
			</calculation>
					
			<calculation id="SelectDonorsTaxClaim" returns="DonorKey, DonorName, DonorClass" returnsFormat="row">
				<query>
					<queryDetail>
						<value>
						SELECT DISTINCT
							gift.p_donor_key_n AS DonorKey,
							PUB_p_partner.p_partner_short_name_c AS DonorName,
							PUB_p_partner.p_partner_class_c AS DonorClass
						FROM
							PUB_a_gift as gift, 
							PUB_a_gift_detail as detail,
							PUB_a_gift_batch,
							PUB_p_partner
						</value>
					</queryDetail>
					<queryDetail condition="eq({param_donor}, Extract)">
						<value>
							, PUB_m_extract,
							PUB_m_extract_master
						WHERE 
							gift.p_donor_key_n =  PUB_m_extract.p_partner_key_n
							AND PUB_m_extract.m_extract_id_i = PUB_m_extract_master.m_extract_id_i
							AND PUB_m_extract_master.m_extract_name_c = {param_extract_name}
							AND
						</value>
					</queryDetail>
					<queryDetail condition="eq({param_donor}, All Donors))">
						<value>
						WHERE
						</value>
					</queryDetail>
					<queryDetail condition="eq({param_donor}, One Donor))">
						<value>
						WHERE
							gift.p_donor_key_n = {param_donorkey}
							AND
						</value>
					</queryDetail>
					<queryDetail>
						<value>
								detail.a_ledger_number_i = gift.a_ledger_number_i
							AND detail.a_batch_number_i = gift.a_batch_number_i
							AND detail.a_gift_transaction_number_i = gift.a_gift_transaction_number_i
							AND gift.a_date_entered_d BETWEEN {#param_from_date#} AND {#param_to_date#}
							AND gift.a_ledger_number_i ={param_ledger_number_i}
							
							AND PUB_a_gift_batch.a_batch_status_c = 'Posted'
							AND PUB_a_gift_batch.a_batch_number_i = gift.a_batch_number_i
							AND PUB_a_gift_batch.a_ledger_number_i = {param_ledger_number_i}
							
							AND PUB_p_partner.p_partner_key_n = gift.p_donor_key_n
							
							AND ( gift.a_method_of_giving_code_c = 'PO'
								 OR  gift.a_method_of_giving_code_c = 'CASH'
								 OR  gift.a_method_of_giving_code_c = 'CC'
								 OR  gift.a_method_of_giving_code_c = 'CHQ'
								 OR  gift.a_method_of_giving_code_c = 'INTERNET'
								 OR  gift.a_method_of_giving_code_c = 'DM'
								 OR  gift.a_method_of_giving_code_c = 'DW'
								 OR  gift.a_method_of_giving_code_c = 'BACS'
								 OR  gift.a_method_of_giving_code_c = 'SO'
								 OR  gift.a_method_of_giving_code_c = 'DD' )    
						</value>
					</queryDetail>
					<queryDetail condition="eq({param_currency}, Base)">
						<value>
							AND detail.a_gift_amount_n &gt;= {{param_min_amount}}
							AND detail.a_gift_amount_n &lt;= {{param_max_amount}}
						 </value>
					</queryDetail>
					<queryDetail condition="eq({param_currency}, International)">
						<value>
							AND detail.a_gift_amount_intl_n &gt;= {{param_min_amount}}
							AND detail.a_gift_amount_intl_n &lt;= {{param_max_amount}}
						 </value>
					</queryDetail>
					<queryDetail condition="eq({param_field_selection}, selected_fields)">
						<value>
							AND
						 </value>
					</queryDetail>
					<queryDetail condition="eq({param_field_selection}, selected_fields)">
							<value function="csv" text="detail.a_recipient_ledger_number_n" 
									variable="param_clbFields" calculation="OR" format="Number">
							</value>
					</queryDetail>
					<queryDetail condition="eq({param_donor}, One Donor)">
						<value>
							AND gift.p_donor_key_n = {{param_donorkey}}
						</value>
					</queryDetail>
					<queryDetail>
						<value>
							ORDER BY PUB_p_partner.p_partner_short_name_c
						</value>
					</queryDetail>
				</query>
			</calculation>

			<calculation id="SelectSingleGift" returns="automatic" returnsFormat="row">
				<query>
					<queryDetail>
						<value>
						SELECT
							gift.a_date_entered_d AS GiftDate,
							detail.p_recipient_key_n AS RecipientKey,
							detail.a_confidential_gift_flag_l AS Confidential,
							PUB_p_partner.p_partner_short_name_c AS RecipientName,
							PUB_p_partner.p_partner_class_c AS RecipientClass,
							detail.a_motivation_detail_code_c AS GiftType,
							gift.a_receipt_number_i AS Receipt,
							gift.a_method_of_giving_code_c AS Method,
							detail.a_recipient_ledger_number_n as FieldKey,
							PUB_a_motivation_detail.a_motivation_detail_desc_c,
							PUB_a_motivation_group.a_motivation_group_description_c,
						</value>
					</queryDetail>
					<queryDetail condition="eq({param_currency}, Base)">
						<value>
							detail.a_gift_amount_n AS GiftAmount
						 </value>
					</queryDetail>
					<queryDetail condition="eq({param_currency}, International)">
						<value>
							detail.a_gift_amount_intl_n AS GiftAmount
						 </value>
					</queryDetail>
					<queryDetail>
						<value>
						FROM
							 PUB_a_gift as gift, 
							 PUB_a_gift_detail as detail,
							 PUB_a_gift_batch,
							 PUB_p_partner,
							 PUB_a_motivation_group,
							 PUB_a_motivation_detail
						WHERE
								detail.a_ledger_number_i = gift.a_ledger_number_i
							AND gift.p_donor_key_n = {DonorKey}
							AND PUB_a_gift_batch.a_batch_status_c = 'Posted'
							AND PUB_a_gift_batch.a_batch_number_i = gift.a_batch_number_i
							AND PUB_a_gift_batch.a_ledger_number_i = {{param_ledger_number_i}}
							AND gift.a_date_entered_d BETWEEN {#param_from_date#} AND {#param_to_date#}
							AND PUB_p_partner.p_partner_key_n = detail.p_recipient_key_n 
							AND gift.a_ledger_number_i ={param_ledger_number_i}
							AND detail.a_batch_number_i = gift.a_batch_number_i
							AND detail.a_gift_transaction_number_i = gift.a_gift_transaction_number_i
							
							AND PUB_a_motivation_group.a_motivation_group_code_c = detail.a_motivation_group_code_c
							AND PUB_a_motivation_group.a_ledger_number_i =  {{param_ledger_number_i}}
							
							AND PUB_a_motivation_detail.a_motivation_detail_code_c = detail.a_motivation_detail_code_c
							AND PUB_a_motivation_detail.a_motivation_group_code_c = detail.a_motivation_group_code_c
							AND PUB_a_motivation_detail.a_ledger_number_i  = {{param_ledger_number_i}}
				
						 </value>
					</queryDetail>
					<queryDetail condition="eq({param_field_selection}, selected_fields)">
						<value>
							AND
						 </value>
					</queryDetail>
					<queryDetail condition="eq({param_field_selection}, selected_fields)">
							<value function="csv" text="detail.a_recipient_ledger_number_n" 
									variable="param_clbFields" calculation="OR" format="Number">
							</value>
					</queryDetail>
					<queryDetail condition="and(eq({param_currency}, Base), eq({param_report_type}, Complete))">
						<value>
							AND detail.a_gift_amount_n &gt;= {{param_min_amount}}
							AND detail.a_gift_amount_n &lt;= {{param_max_amount}}
							ORDER BY gift.a_date_entered_d
						 </value>
					</queryDetail>
					<queryDetail condition="and(eq({param_currency}, International), eq({param_report_type}, Complete))">
						<value>
							AND detail.a_gift_amount_intl_n &gt;= {{param_min_amount}}
							AND detail.a_gift_amount_intl_n &lt;= {{param_max_amount}}
							ORDER BY gift.a_date_entered_d
						 </value>
					</queryDetail>
					<queryDetail condition="and(eq({param_currency}, Base), eq({param_report_type}, Summary))">
						<value>
							AND SUM (detail.a_gift_amount_n) &gt;= {{param_min_amount}}
							AND SUM (detail.a_gift_amount_n) &lt;= {{param_max_amount}}
						 </value>
					</queryDetail>
					<queryDetail condition="and(eq({param_currency}, International), eq({param_report_type}, Summary))">
						<value>
							AND SUM (detail.a_gift_amount_intl_n) &gt;= {{param_min_amount}}
							AND SUM (detail.a_gift_amount_intl_n) &lt;= {{param_max_amount}}
						 </value>
					</queryDetail>
					<!--queryDetail condition="eq({param_report_type}, Complete)">
						<value>
							ORDER BY gift.a_date_entered_d
						 </value>
					</queryDetail>
					<queryDetail condition="eq({param_report_type}, Gifts Only)">
						<value>
							ORDER BY gift.a_date_entered_d
						 </value>
					</queryDetail>
					<queryDetail condition="eq({param_report_type}, Donors Only)">
						<value>
							ORDER BY PUB_p_partner.p_partner_short_name_c
						 </value>
					</queryDetail-->
				</query>
			</calculation>
			
			<calculation id="SelectSingleGiftTaxClaim" returns="automatic" returnsFormat="row">
				<query>
					<queryDetail>
						<value>
						SELECT
							gift.a_date_entered_d AS GiftDate,
							detail.p_recipient_key_n AS RecipientKey,
							detail.a_confidential_gift_flag_l AS Confidential,
							PUB_p_partner.p_partner_short_name_c AS RecipientName,
							PUB_p_partner.p_partner_class_c AS RecipientClass,
							detail.a_motivation_detail_code_c AS GiftType,
							gift.a_receipt_number_i AS Receipt,
							gift.a_method_of_giving_code_c AS Method,
							detail.a_recipient_ledger_number_n as FieldKey,
							PUB_a_motivation_detail.a_motivation_detail_desc_c,
							PUB_a_motivation_group.a_motivation_group_description_c,
						</value>
					</queryDetail>
					<queryDetail condition="eq({param_currency}, Base)">
						<value>
							detail.a_gift_amount_n AS GiftAmount
						 </value>
					</queryDetail>
					<queryDetail condition="eq({param_currency}, International)">
						<value>
							detail.a_gift_amount_intl_n AS GiftAmount
						 </value>
					</queryDetail>
					<queryDetail>
						<value>
						FROM
							 PUB_a_gift as gift, 
							 PUB_a_gift_detail as detail,
							 PUB_a_gift_batch,
							 PUB_p_partner,
							 PUB_a_motivation_group,
							 PUB_a_motivation_detail
						WHERE
								detail.a_ledger_number_i = gift.a_ledger_number_i
							AND gift.p_donor_key_n = {{DonorKey}}
							AND PUB_a_gift_batch.a_batch_status_c = 'Posted'
							AND PUB_a_gift_batch.a_batch_number_i = gift.a_batch_number_i
							AND PUB_a_gift_batch.a_ledger_number_i = {param_ledger_number_i}
							AND gift.a_date_entered_d BETWEEN {#param_from_date#} AND {#param_to_date#}
							AND PUB_p_partner.p_partner_key_n = detail.p_recipient_key_n 
							AND gift.a_ledger_number_i ={{param_ledger_number_i}}
							AND detail.a_batch_number_i = gift.a_batch_number_i
							AND detail.a_gift_transaction_number_i = gift.a_gift_transaction_number_i
							
							AND PUB_a_motivation_group.a_motivation_group_code_c = detail.a_motivation_group_code_c
							AND PUB_a_motivation_group.a_ledger_number_i =  {{param_ledger_number_i}}
							
							AND PUB_a_motivation_detail.a_motivation_detail_code_c = detail.a_motivation_detail_code_c
							AND PUB_a_motivation_detail.a_motivation_group_code_c = detail.a_motivation_group_code_c
							AND PUB_a_motivation_detail.a_ledger_number_i  = {{param_ledger_number_i}}
				
							AND ( gift.a_method_of_giving_code_c = 'PO'
								 OR  gift.a_method_of_giving_code_c = 'CASH'
								 OR  gift.a_method_of_giving_code_c = 'CC'
								 OR  gift.a_method_of_giving_code_c = 'CHQ'
								 OR  gift.a_method_of_giving_code_c = 'INTERNET'
								 OR  gift.a_method_of_giving_code_c = 'DM'
								 OR  gift.a_method_of_giving_code_c = 'DW'
								 OR  gift.a_method_of_giving_code_c = 'BACS'
								 OR  gift.a_method_of_giving_code_c = 'SO'
								 OR  gift.a_method_of_giving_code_c = 'DD' ) 
						 </value>
					</queryDetail>
					<queryDetail condition="eq({param_field_selection}, selected_fields)">
						<value>
							AND
						 </value>
					</queryDetail>
					<queryDetail condition="eq({param_field_selection}, selected_fields)">
							<value function="csv" text="detail.a_recipient_ledger_number_n" 
									variable="param_clbFields" calculation="OR" format="Number">
							</value>
					</queryDetail>
					<queryDetail condition="eq({param_currency}, Base)">
						<value>
							AND detail.a_gift_amount_n &gt;= {{param_min_amount}}
							AND detail.a_gift_amount_n &lt;= {{param_max_amount}}
							ORDER BY gift.a_date_entered_d
						 </value>
					</queryDetail>
					<queryDetail condition="eq({param_currency}, International)">
						<value>
							AND detail.a_gift_amount_intl_n &gt;= {{param_min_amount}}
							AND detail.a_gift_amount_intl_n &lt;= {{param_max_amount}}
							ORDER BY gift.a_date_entered_d
						 </value>
					</queryDetail>
				</query>
			</calculation>
			
			<calculation id="SelectPeriodTotal" returns="GiftAmount" returnsFormat="row">
				<query>
					<queryDetail condition="eq({param_currency}, Base)">
						<value>
							SELECT SUM (detail.a_gift_amount_n) AS GiftAmount
						 </value>
					</queryDetail>
					<queryDetail condition="eq({param_currency}, International)">
						<value>
							SELECT SUM (detail.a_gift_amount_intl_n) AS GiftAmount
						 </value>
					</queryDetail>
					<queryDetail>
						<value>
						FROM
							 PUB_a_gift as gift, 
							 PUB_a_gift_detail as detail,
							 PUB_a_gift_batch
						WHERE
								detail.a_ledger_number_i = gift.a_ledger_number_i
							AND gift.p_donor_key_n = {{DonorKey}}
							AND PUB_a_gift_batch.a_batch_status_c = 'Posted'
							AND PUB_a_gift_batch.a_batch_number_i = gift.a_batch_number_i
							AND PUB_a_gift_batch.a_ledger_number_i = {{param_ledger_number_i}}
							AND gift.a_date_entered_d BETWEEN {#param_from_date#} AND {#param_to_date#}
							AND gift.a_ledger_number_i ={{param_ledger_number_i}}
							AND detail.a_batch_number_i = gift.a_batch_number_i
							AND detail.a_gift_transaction_number_i = gift.a_gift_transaction_number_i
						</value>
					</queryDetail>
					<queryDetail condition="eq({param_currency}, Base)">
						<value>
							HAVING SUM (detail.a_gift_amount_n) &gt;= {{param_min_amount}}
							AND SUM (detail.a_gift_amount_n) &lt;= {{param_max_amount}}
						 </value>
					</queryDetail>
					<queryDetail condition="eq({param_currency}, International)">
						<value>
							HAVING SUM (detail.a_gift_amount_intl_n) &gt;= {{param_min_amount}}
							AND SUM (detail.a_gift_amount_intl_n) &lt;= {{param_max_amount}}
						 </value>
					</queryDetail>
				</query>
			</calculation>
			
			<calculation id="MakeDonorAddress" returns="automatic" returnsFormat="internal">
				<query>
					<queryDetail>
						<value text="NO-SQL"/>
						<value function="GetPartnerBestAddress({DonorKey})"/>
						<value function="assign(DonorAddress,  )"/>
						<value function="assign(DonorAddress, concatenateww({DonorAddress}, {Locality}, 2))"/>
						<value function="assign(DonorAddress, concatenatewithcomma({DonorAddress},{StreetName}))"/>
						<value function="assign(DonorAddress, concatenatewithcomma({DonorAddress},{Address3}))"/>
						<value function="assign(DonorAddress, concatenatewithcomma({DonorAddress},{PostalCode}))"/>
						<value function="assign(DonorAddress, concatenatewithcomma({DonorAddress},{City}))"/>
						<value function="assign(DonorAddress, concatenatewithcomma({DonorAddress},{County}))"/>
						<value function="assign(DonorAddress, concatenatewithcomma({DonorAddress},{CountryCode}))"/>
					</queryDetail>
				</query>
			</calculation>
			
			<calculation id="Donor Key" returnsFormat="partnerkey" returns="text">
				<caption><value text="Donor Key"/></caption>
				<query>
					<queryDetail><value variable="DonorKey"/>
					</queryDetail>                                          
				</query>
			</calculation>
			<calculation id="Donor Name" returnsFormat="text" returns="text">
				<caption><value text="Donor Name"/></caption>
				<query>
					<queryDetail><value variable="DonorName"/>
					</queryDetail>                                          
				</query>
			</calculation>
			<calculation id="Donor Class" returnsFormat="text" returns="text">
				<caption><value text="Donor Class"/></caption>
				<query>
					<queryDetail><value variable="DonorClass"/>
					</queryDetail>                                          
				</query>
			</calculation>
			<calculation id="Recipient Key" returnsFormat="partnerkey" returns="text">
				<caption><value text="Recipient Key"/></caption>
				<query>
					<queryDetail><value variable="RecipientKey"/>
					</queryDetail>                                          
				</query>
			</calculation>
			<calculation id="Recipient Name" returnsFormat="text" returns="text">
				<caption><value text="Recipient Name"/></caption>
				<query>
					<queryDetail><value variable="RecipientName"/>
					</queryDetail>                                          
				</query>
			</calculation>
			<calculation id="Recipient Class" returnsFormat="text" returns="text">
				<caption><value text="Recipient Class"/></caption>
				<query>
					<queryDetail><value variable="RecipientClass"/>
					</queryDetail>                                          
				</query>
			</calculation>
			<calculation id="Recipient Type" returnsFormat="text" returns="text">
				<caption><value text="Recpt  Type"/></caption>
				<query>
					<queryDetail><value variable="RecipientType"/>
					</queryDetail>                                          
				</query>
			</calculation>
			<calculation id="Confidential" returnsFormat="text" returns="text">
				<caption><value text="Confidential"/></caption>
				<query>
					<queryDetail><value variable="Confidential"/>
					</queryDetail>                                          
				</query>
			</calculation>
			<calculation id="Field" returnsFormat="partnerkey" returns="text">
				<caption><value text="Field"/></caption>
				<query>
					<queryDetail><value variable="FieldKey"/>
					</queryDetail>                                          
				</query>
			</calculation>
			<calculation id="Field Name" returnsFormat="text" returns="text">
				<caption><value text="Field Name"/></caption>
				<query>
					<queryDetail><value variable="FieldName"/>
					</queryDetail>                                          
				</query>
			</calculation>
			<calculation id="Gift Date" returnsFormat="date" returns="text">
				<caption><value text="Gift Date"/></caption>
				<query>
					<queryDetail><value variable="GiftDate"/>
					</queryDetail>                                          
				</query>
			</calculation>
			<calculation id="Gift Amount" returnsFormat="currency" returns="amount">
				<caption><value text="Gift Amount"/></caption>
				<query>
					<queryDetail><value variable="GiftAmount"/>
					</queryDetail>                                          
				</query>
			</calculation>
			<calculation id="Gift Type" returnsFormat="text" returns="text">
				<caption><value text="Gift Type"/></caption>
				<query>
					<queryDetail><value variable="GiftType"/>
					</queryDetail>                                          
				</query>
			</calculation>
			<calculation id="Receipt" returnsFormat="text" returns="text">
				<caption><value text="Receipt"/></caption>
				<query>
					<queryDetail><value variable="Receipt"/>
					</queryDetail>                                          
				</query>
			</calculation>
			<calculation id="Method" returnsFormat="text" returns="text">
				<caption><value text="Method"/></caption>
				<query>
					<queryDetail><value variable="Method"/>
					</queryDetail>                                          
				</query>
			</calculation>
			<calculation id="Motivation Detail" returnsFormat="text" returns="text">
				<caption><value text="Motivation Detail"/></caption>
				<query>
					<queryDetail>
						<value variable="a_motivation_detail_desc_c"/>
						<value text=", "/>
						<value variable="a_motivation_group_description_c"/>
					</queryDetail>                                          
				</query>
			</calculation>
			<calculation id="Donor Address" returnsFormat="text" returns="text">
				<caption><value text="Donor Address"/></caption>
				<query>
					<queryDetail><value variable="DonorAddress"/>
					</queryDetail>                                          
				</query>
			</calculation>
		</calculations>

		<levels>		
			<level name="main">
				<detail>
					<switch>
						<case condition="eq({param_report_type}, Complete)">
							<lowerLevelReport level="DonorLevel1"></lowerLevelReport>
						</case>
						<case condition="eq({param_report_type}, Summary)">
							<lowerLevelReport level="SummaryDonorLevel1"></lowerLevelReport>
						</case>
						<case condition="eq({param_report_type}, Tax Claim)">
							<lowerLevelReport level="DonorLevelTaxClaim"></lowerLevelReport>
						</case>
					</switch>
				</detail>
			</level>
			
			<level name="ToatlPreviousYear">
				<detail>
					<lowerLevelReport level="DonorLevel"></lowerLevelReport>
				</detail>
			</level>
			
			<level name="DonorLevel1">
				<detail>
					<lowerLevelReport level="DonorLevel2" calculation="SelectDonors"></lowerLevelReport>
				</detail>
				<footer space="below">
					<field whichfield="column 2" width="9cm"  pos="5cm">
						<value text="Grand Total "/>
					</field>
					<field whichfield="column {param_gift_amount_column}" pos="indented" line="above">
						<value function="getSumLowerReport({{lineId}}, {param_gift_amount_column})"/>
					</field>
				</footer>
			</level>
			
			<level name="DonorLevel2">
				<header>
					<field whichfield="header 0" pos="0cm" width="19.0cm"  calculation="MakeDonorAddress">
						<value text="Donor: "/>
						<value variable="DonorName"/>
						<value text="  Partner Key: "/>
						<value variable="DonorKey" format="partnerkey"/>
						<value text=" Adress: "/>
						<value variable="DonorAddress"/>
					</field>
				</header>
				<detail>
					<lowerLevelReport level="RecipientLevel" calculation="SelectSingleGift"></lowerLevelReport>
				</detail>
				<footer space="below">
					<field whichfield="column 2" width="9cm"  pos="5cm">
						<value text="Total for report period: "/>
					</field>
					<field whichfield="column {param_gift_amount_column}" pos="indented" line="above">
						<value function="getSumLowerReport({{lineId}}, {param_gift_amount_column})"/>
					</field>
				</footer>
			</level>
			
			<level name="SummaryDonorLevel1">
				<detail>
					<lowerLevelReport level="SummaryDonorLevel2" calculation="SelectDonors"></lowerLevelReport>
				</detail>
				<footer space="above">
					<field whichfield="column 2" width="3cm"  pos="9cm">
						<value text="Grand Total:"/>
					</field>
					<field whichfield="column {param_gift_amount_column}" pos="indented" line="above">
						<value function="getSumLowerReport({{lineId}}, {param_gift_amount_column})"/>
					</field>
				</footer>
			</level>
			
			<level name="SummaryDonorLevel2">
				<detail>
					<field whichfield="columns" calculation="SelectPeriodTotal"/>
					<field whichfield="column 0" calculation="MakeDonorAddress"/>
				</detail>
			</level>
			
			<level name="DonorLevelTaxClaim">
				<detail>
					<lowerLevelReport level="DonorLevelTaxClaim2" calculation="SelectDonorsTaxClaim"></lowerLevelReport>
				</detail>
				<footer space="below">
					<field whichfield="column 2" width="9cm"  pos="5cm">
						<value text="Grand Total "/>
					</field>
					<field whichfield="column {param_gift_amount_column}" pos="indented" line="above">
						<value function="getSumLowerReport({{lineId}}, {param_gift_amount_column})"/>
					</field>
				</footer>
			</level>
			
			<level name="DonorLevelTaxClaim2">
				<header>
					<field whichfield="header 0" pos="0cm" width="19.0cm"  calculation="MakeDonorAddress">
						<value text="Donor: "/>
						<value variable="DonorName"/>
						<value text="  Partner Key: "/>
						<value variable="DonorKey" format="partnerkey"/>
						<value text=" Adress: "/>
						<value variable="DonorAddress"/>
					</field>
				</header>
				<detail>
					<lowerLevelReport level="RecipientLevel" calculation="SelectSingleGiftTaxClaim"></lowerLevelReport>
				</detail>
				<footer space="below">
					<field whichfield="column 2" width="9cm"  pos="5cm">
						<value text="Total for report period: "/>
					</field>
					<field whichfield="column {param_gift_amount_column}" pos="indented" line="above">
						<value function="getSumLowerReport({{lineId}}, {param_gift_amount_column})"/>
					</field>
				</footer>
			</level>
			
			<level name="RecipientLevel" identification="DonortKey">
				<detail>
					<field whichfield="columns"/>
				</detail>
			</level>
		</levels>
	</report>
</reports>