<?xml version="1.0" encoding="ISO-8859-1" ?>
<!DOCTYPE reports SYSTEM "../reports.dtd">
<reports>
  <report id="RecipientGiftStatement">
    <description>
      Lists donors per recipient
    </description>
    <reportparameters>
      <reportparameter name="param_ledger_number_i"/>
      <reportparameter name="param_currency"/>
      <reportparameter name="param_start_date"/>
      <reportparameter name="param_end_date"/> 
    </reportparameters>
    
    <reportheader/>
    <pageheader>
      <field whichfield="title1">
        <value text="Recipient Gift Statement (" />
        <value variable="param_report_type" />
        <value text=")" />
      </field>

      <field whichfield="title2"><value function="getLedgerName({{param_ledger_number_i}})"/></field>
      <field whichfield="descr1">
        <value text="Ledger "/>
        <value variable="param_ledger_number_i"/>
        <value text="   "/>
        <value function="getLedgerName({{param_ledger_number_i}})"/>
      </field>
      <field whichfield="descr2">
        <fielddetail condition="eq({param_recipient}, All Recipients)">
          <value text="All Recipients"/>
        </fielddetail>
        <fielddetail condition="eq({param_recipient}, One Recipient)">
          <value text="One Recipient: "/>
          <value variable="param_recipientkey"/>
        </fielddetail>
        <fielddetail condition="eq({param_recipient}, Extract)">
          <value text="Recipients from Extract: "/>
          <value variable="{param_extract_name}"/>
        </fielddetail>
      </field>
      <field whichfield="period1">
        <fielddetail>
          <value text="From: "/>
          <value variable="param_from_date" format="formatteddate"/>
          <value text=" To: "/>
          <value variable="param_to_date" format="formatteddate"/>
        </fielddetail>
      </field>
      <field whichfield="period3">
        <value text="Currency: "/>
        <value function="getCurrency({{param_ledger_number_i}}, {GLOBAL:param_currency})"/>
      </field>

    </pageheader>

    <calculations>
      <calculation id="SelectRecipients" returns="RecipientKey, RecipientName, RecipientClass, FieldName" returnsFormat="row">
        <query>
          <queryDetail>
            <value>
            SELECT DISTINCT
              detail.p_recipient_key_n AS RecipientKey,
              Recipient.p_partner_short_name_c AS RecipientName,
              Recipient.p_partner_class_c AS RecipientClass,
              detail.a_recipient_ledger_number_n,
			  
			  CASE WHEN EXISTS (SELECT 1 FROM PUB_p_partner WHERE PUB_p_partner.p_partner_key_n = PUB_p_partner_gift_destination.p_field_key_n)
			  THEN PUB_p_partner.p_partner_short_name_c 
			  ELSE 'UNKNOWN'
			  END AS FieldName
			  
            FROM
              PUB_a_gift as gift, 
              PUB_a_gift_detail as detail,
              PUB_a_gift_batch,
              PUB_p_partner AS Recipient
            </value>
          </queryDetail>
          <queryDetail condition="eq({param_recipient}, Extract)">
            <value>
              , PUB_m_extract,
              PUB_m_extract_master
            </value>
          </queryDetail>
          <queryDetail>
            <value>
              LEFT JOIN PUB_p_partner_gift_destination
			  ON Recipient.p_partner_class_c = 'FAMILY'
			  AND PUB_p_partner_gift_destination.p_partner_key_n = Recipient.p_partner_key_n
			  AND PUB_p_partner_gift_destination.p_date_effective_d &lt;= {#param_today#}
			  AND (PUB_p_partner_gift_destination.p_date_expires_d IS NULL
			  OR (PUB_p_partner_gift_destination.p_date_expires_d &gt;= {#param_today#}
			  AND PUB_p_partner_gift_destination.p_date_effective_d &lt;&gt; PUB_p_partner_gift_destination.p_date_expires_d))
			  
              LEFT JOIN PUB_p_partner
			  ON PUB_p_partner.p_partner_key_n = PUB_p_partner_gift_destination.p_field_key_n
            </value>
          </queryDetail>
          <queryDetail condition="eq({param_recipient}, Extract)">
            <value>
            WHERE 
              detail.p_recipient_key_n =  PUB_m_extract.p_partner_key_n
              AND PUB_m_extract.m_extract_id_i = PUB_m_extract_master.m_extract_id_i
              AND PUB_m_extract_master.m_extract_name_c = {param_extract_name}
              AND
            </value>
          </queryDetail>
          <queryDetail condition="not(eq({param_recipient}, Extract))">
            <value>
            WHERE
            </value>
          </queryDetail>
          <queryDetail>
            <value>
                detail.a_ledger_number_i = gift.a_ledger_number_i
              AND detail.a_batch_number_i = gift.a_batch_number_i
              AND detail.a_gift_transaction_number_i = gift.a_gift_transaction_number_i
              AND gift.a_date_entered_d BETWEEN {#param_from_date#} AND {#param_to_date#}
              AND gift.a_ledger_number_i ={{param_ledger_number_i}}
              
              AND PUB_a_gift_batch.a_batch_status_c = 'Posted'
              AND PUB_a_gift_batch.a_batch_number_i = gift.a_batch_number_i
              AND PUB_a_gift_batch.a_ledger_number_i = {{param_ledger_number_i}}
			  
              AND Recipient.p_partner_key_n = detail.p_recipient_key_n
            </value>
          </queryDetail>
          <queryDetail condition="not(eq({param_report_type}, List)">
            <value>
              AND detail.p_recipient_key_n  &lt;&gt; 0
            </value>
          </queryDetail>
          <queryDetail condition="eq({param_recipient}, One Recipient)">
            <value>
              AND detail.p_recipient_key_n = {{param_recipientkey}}
            </value>
          </queryDetail>
		<queryDetail condition="eq({param_order_by_name}, RecipientField)">
			<value>
				ORDER BY FieldName, RecipientKey
			</value>
		</queryDetail>
		<queryDetail condition="eq({param_order_by_name}, RecipientKey)">
			<value>
				ORDER BY RecipientKey
			</value>
		</queryDetail>
		<queryDetail condition="eq({param_order_by_name}, RecipientName)">
			<value>
				ORDER BY RecipientName
			</value>
		</queryDetail>
        </query>
      </calculation>

      <calculation id="SelectGiftsSingleRecipient" returns="automatic" returnsFormat="row">
        <query>
          <queryDetail>
            <value>
            SELECT
              gift.a_date_entered_d AS GiftDate,
              gift.p_donor_key_n AS DonorKey,
              PUB_p_partner.p_partner_short_name_c AS DonorName,
              PUB_p_partner.p_partner_class_c AS DonorClass,
              detail.a_motivation_detail_code_c AS MotivationCode,
              gift.a_receipt_number_i AS Receipt,
            </value>
          </queryDetail>
          <queryDetail condition="eq({param_currency}, Base)">
            <value>
              detail.a_gift_amount_n AS GiftAmount
             </value>
          </queryDetail>
          <queryDetail condition="eq({param_currency}, International)">
            <value>
              detail.a_gift_amount_intl_n AS GiftAmount
             </value>
          </queryDetail>
          <queryDetail>
            <value>
            FROM
               PUB_a_gift as gift, 
               PUB_a_gift_detail as detail,
               PUB_a_gift_batch,
               PUB_p_partner
            WHERE
                detail.a_ledger_number_i = gift.a_ledger_number_i
              AND detail.p_recipient_key_n = {{RecipientKey}}
              AND PUB_a_gift_batch.a_batch_status_c = 'Posted'
              AND PUB_a_gift_batch.a_batch_number_i = gift.a_batch_number_i
              AND PUB_a_gift_batch.a_ledger_number_i = {param_ledger_number_i}
              AND gift.a_date_entered_d BETWEEN {#param_from_date#} AND {#param_to_date#}
              AND PUB_p_partner.p_partner_key_n = gift.p_donor_key_n
              AND gift.a_ledger_number_i ={{param_ledger_number_i}}
              AND detail.a_batch_number_i = gift.a_batch_number_i
              AND detail.a_gift_transaction_number_i = gift.a_gift_transaction_number_i
             </value>
          </queryDetail>
          <queryDetail condition="eq({param_report_type}, Complete)">
            <value>
              ORDER BY gift.a_date_entered_d
             </value>
          </queryDetail>
          <queryDetail condition="eq({param_report_type}, Gifts Only)">
            <value>
              ORDER BY gift.a_date_entered_d
             </value>
          </queryDetail>
          <queryDetail condition="eq({param_report_type}, Donors Only)">
            <value>
              ORDER BY PUB_p_partner.p_partner_short_name_c
             </value>
          </queryDetail>
        </query>
      </calculation>

      <calculation id="SelectTotalPreviousYear" returns="TotalPreviousYear" returnsFormat="row">
        <query>
          <queryDetail condition="eq({param_currency}, Base)">
            <value>
              SELECT SUM (detail.a_gift_amount_n) AS TotalPreviousYear
             </value>
          </queryDetail>
          <queryDetail condition="eq({param_currency}, International)">
            <value>
              SELECT SUM (detail.a_gift_amount_intl_n) AS TotalPreviousYear
             </value>
          </queryDetail>
          <queryDetail>
            <value>
            FROM
               PUB_a_gift as gift, 
               PUB_a_gift_detail as detail,
               PUB_a_gift_batch
            WHERE
                detail.a_ledger_number_i = gift.a_ledger_number_i
              AND detail.p_recipient_key_n = {{RecipientKey}}
              AND PUB_a_gift_batch.a_batch_status_c = 'Posted'
              AND PUB_a_gift_batch.a_batch_number_i = gift.a_batch_number_i
              AND PUB_a_gift_batch.a_ledger_number_i = {param_ledger_number_i}
              AND gift.a_date_entered_d BETWEEN {#param_from_date_previous_year#} AND {#param_to_date_previous_year#}
              AND gift.a_ledger_number_i ={{param_ledger_number_i}}
              AND detail.a_batch_number_i = gift.a_batch_number_i
              AND detail.a_gift_transaction_number_i = gift.a_gift_transaction_number_i
            </value>
          </queryDetail>
        </query>
      </calculation>

      <calculation id="SelectTotalThisYear" returns="TotalThisYear" returnsFormat="row">
        <query>
          <queryDetail condition="eq({param_currency}, Base)">
            <value>
              SELECT SUM (detail.a_gift_amount_n) AS TotalThisYear
             </value>
          </queryDetail>
          <queryDetail condition="eq({param_currency}, International)">
            <value>
              SELECT SUM (detail.a_gift_amount_intl_n) AS TotalThisYear
             </value>
          </queryDetail>
          <queryDetail>
            <value>
            FROM
               PUB_a_gift as gift, 
               PUB_a_gift_detail as detail,
               PUB_a_gift_batch
            WHERE
                detail.a_ledger_number_i = gift.a_ledger_number_i
              AND detail.p_recipient_key_n = {{RecipientKey}}
              AND PUB_a_gift_batch.a_batch_status_c = 'Posted'
              AND PUB_a_gift_batch.a_batch_number_i = gift.a_batch_number_i
              AND PUB_a_gift_batch.a_ledger_number_i = {param_ledger_number_i}
              AND gift.a_date_entered_d BETWEEN{#param_from_date_this_year#} AND {#param_to_date#}
              AND gift.a_ledger_number_i ={{param_ledger_number_i}}
              AND detail.a_batch_number_i = gift.a_batch_number_i
              AND detail.a_gift_transaction_number_i = gift.a_gift_transaction_number_i
            </value>
          </queryDetail>
        </query>
      </calculation>

      <calculation id="ClearRecipientTotal" returns="automatic" returnsFormat="internal">
        <query>
          <queryDetail>
            <value text="NO-SQL"/>
            <value function="assign({RecipientTotal}, 0)"/>
          </queryDetail>
        </query>
      </calculation>

      <calculation id="GetDonorAddress" returns="automatic" returnsFormat="internal">
        <query>
          <queryDetail>
            <value text="NO-SQL"/>
            <value function="assign({RecipientTotal}, add({RecipientTotal}, {GiftAmount}))"/>
            <value function="GetPartnerBestAddress({DonorKey})"/>
          </queryDetail>
        </query>
      </calculation>

      <calculation id="Donor Key" returnsFormat="partnerkey" returns="text">
        <caption><value text="Donor Key"/></caption>
        <query>
          <queryDetail><value variable="DonorKey"/>
          </queryDetail>
        </query>
      </calculation>

      <calculation id="Donor Name" returnsFormat="text" returns="text">
        <caption><value text="Donor Name"/></caption>
        <query>
          <queryDetail><value variable="DonorName"/>
          </queryDetail>
        </query>
      </calculation>

      <calculation id="Donor Class" returnsFormat="text" returns="text">
        <caption><value text="Donor Class"/></caption>
        <query>
          <queryDetail><value variable="DonorClass"/>
          </queryDetail>
        </query>
      </calculation>

      <calculation id="Recipient Key" returnsFormat="partnerkey" returns="text">
        <caption><value text="Recipient Key"/></caption>
        <query>
          <queryDetail><value variable="RecipientKey"/>
          </queryDetail>
        </query>
      </calculation>

      <calculation id="Recipient Name" returnsFormat="text" returns="text">
        <caption><value text="Recipient Name"/></caption>
        <query>
          <queryDetail><value variable="RecipientName"/>
          </queryDetail>
        </query>
      </calculation>

      <calculation id="Recipient Class" returnsFormat="text" returns="text">
        <caption><value text="Recipient Class"/></caption>
        <query>
          <queryDetail><value variable="RecipientClass"/>
          </queryDetail>
        </query>
      </calculation>

      <calculation id="Recipient Type" returnsFormat="text" returns="text">
        <caption><value text="Recpt  Type"/></caption>
        <query>
          <queryDetail><value variable="RecipientType"/>
          </queryDetail>
        </query>
      </calculation>

      <calculation id="Field Key" returnsFormat="partnerkey" returns="text">
        <caption><value text="Field Key"/></caption>
        <query>
          <queryDetail><value variable="FieldKey"/>
          </queryDetail>
        </query>
      </calculation>

      <calculation id="Field Name" returnsFormat="text" returns="text">
        <caption><value text="Field Name"/></caption>
        <query>
          <queryDetail><value variable="FieldName"/>
          </queryDetail>
        </query>
      </calculation>

      <calculation id="Gift Date" returnsFormat="date" returns="text">
        <caption><value text="Gift Date"/></caption>
        <query>
          <queryDetail><value variable="GiftDate"/>
          </queryDetail>
        </query>
      </calculation>

      <calculation id="Gift Amount" returnsFormat="currency" returns="amount">
        <caption><value text="Gift Amount"/></caption>
        <query>
          <queryDetail><value variable="GiftAmount"/>
          </queryDetail>
        </query>
      </calculation>

      <calculation id="Motivation Code" returnsFormat="text" returns="text">
        <caption><value text="Motivation Code"/></caption>
        <query>
          <queryDetail><value variable="MotivationCode"/>
          </queryDetail>
        </query>
      </calculation>

      <calculation id="Address line 1" returnsFormat="text" returns="text">
        <caption><value text="Address1"/></caption>
        <query>
          <queryDetail><value variable="Locality"/>
          </queryDetail>
        </query>
      </calculation>

      <calculation id="Street" returnsFormat="text" returns="text">
        <caption><value text="Street Name"/></caption>
        <query>
          <queryDetail><value variable="StreetName"/>
          </queryDetail>
        </query>
      </calculation>

      <calculation id="Address line 3" returnsFormat="text" returns="text">
        <caption><value text="Address3"/></caption>
        <query>
          <queryDetail><value variable="Address3"/>
          </queryDetail>
        </query>
      </calculation>

      <calculation id="Post Code" returnsFormat="text" returns="text">
        <caption><value text="Post Code"/></caption>
        <query>
          <queryDetail><value variable="PostalCode"/>
          </queryDetail>
        </query>
      </calculation>

      <calculation id="City" returnsFormat="text" returns="text">
        <caption><value text="City"/></caption>
        <query>
          <queryDetail><value variable="City"/>
          </queryDetail>
        </query>
      </calculation>

      <calculation id="County" returnsFormat="text" returns="text">
        <caption><value text="County"/></caption>
        <query>
          <queryDetail><value variable="County"/>
          </queryDetail>
        </query>
      </calculation>

      <calculation id="Country" returnsFormat="text" returns="text">
        <caption><value text="Country"/></caption>
        <query>
          <queryDetail><value variable="CountryCode"/>
          </queryDetail>
        </query>
      </calculation>

      <calculation id="Primary Phone" returnsFormat="text" returns="text">
        <caption><value text="Primary Phone"/></caption>
        <query>
          <queryDetail><value variable="TelephoneNumber"/>
          </queryDetail>
        </query>
      </calculation>

      <calculation id="Alternate Phone" returnsFormat="text" returns="text">
        <caption><value text="AlternatePhone"/></caption>
        <query>
          <queryDetail><value variable="AlternatePhone"/>
          </queryDetail>
        </query>
      </calculation>

      <calculation id="Fax Number" returnsFormat="text" returns="text">
        <caption><value text="FaxNumber"/></caption>
        <query>
          <queryDetail><value variable="FaxNumber"/>
          </queryDetail>
        </query>
      </calculation>

      <calculation id="Mobile Number" returnsFormat="text" returns="text">
        <caption><value text="MobileNumber"/></caption>
        <query>
          <queryDetail><value variable="MobileNumber"/>
          </queryDetail>
        </query>
      </calculation>

      <calculation id="Primary E-Mail" returnsFormat="text" returns="text">
        <caption><value text="Primary E-Mail"/></caption>
        <query>
          <queryDetail><value variable="EmailAddress"/>
          </queryDetail>
        </query>
      </calculation>

      <calculation id="Receipt" returnsFormat="text" returns="text">
        <caption><value text="Receipt"/></caption>
        <query>
          <queryDetail><value variable="Receipt"/>
          </queryDetail>
        </query>
      </calculation>
    </calculations>

    <levels>
      <level name="main">
        <detail>
          <switch>
            <case condition="eq({param_report_type}, Complete)">
              <lowerLevelReport level="TotalCurrentYear" calculation="SelectRecipients"></lowerLevelReport>
            </case>
            <case condition="eq({param_report_type}, Gifts Only)">
              <lowerLevelReport level="TotalGiftsOnly" calculation="SelectRecipients"></lowerLevelReport>
            </case>
            <case condition="eq({param_report_type}, Donors Only)">
              <lowerLevelReport level="DonorsOnly" calculation="SelectRecipients"></lowerLevelReport>
            </case>
            <case condition="eq({param_report_type}, List)">
              <lowerLevelReport level="ListLevel" calculation="SelectRecipients"></lowerLevelReport>
            </case>
          </switch>
        </detail>
      </level>

      <level name="TotalCurrentYear">
        <detail>
          <lowerLevelReport level="TotalPreviousYear"></lowerLevelReport>
        </detail>
        <footer space="below" line="below">
          <field whichfield="column 1" width="9cm" pos="5cm">
            <value text="Total for current year ("/>
            <value variable="param_from_date_this_year"/>
            <value text=" To "/>
            <value variable="param_to_date"/>
            <value text="):"/>
          </field>
          <field whichfield="column {param_gift_amount_column}" format="currency" align="right">
            <value calculation="SelectTotalThisYear"/>
          </field>
        </footer>
      </level>

      <level name="TotalPreviousYear">
        <detail>
          <lowerLevelReport level="RecipientLevel"></lowerLevelReport>
        </detail>
        <footer space="above">
          <field whichfield="column 1" width="9cm" pos="5cm">
            <value text="Total for previous year ("/>
            <value variable="param_from_date_previous_year"/>
            <value text=" To "/>
            <value variable="param_to_date_previous_year"/>
            <value text="):"/>
          </field>
          <field whichfield="column {param_gift_amount_column}" format="currency" align="right">
            <value calculation="SelectTotalPreviousYear"/>
          </field>
        </footer>
      </level>

      <level name="TotalGiftsOnly">
        <detail>
          <lowerLevelReport level="RecipientLevel"></lowerLevelReport>
        </detail>
        <footer space="below">
        </footer>
      </level>

      <level name="DonorsOnly">
        <header>
          <field whichfield="header 0" pos="0cm" width="11.0cm">
            <value text="Recipient: "/>
            <value variable="RecipientName"/>
            <value text="  Partner Key: "/>
            <value variable="RecipientKey" format="partnerkey"/>
          </field>
        </header>
        <detail>
          <lowerLevelReport level="ReportPerRecipient" calculation="ClearRecipientTotal"></lowerLevelReport>
        </detail>
        <footer space="below">
        </footer>
      </level>

      <level name="ListLevel">
        <detail>
          <lowerLevelReport level="ReportPerRecipient" calculation="ClearRecipientTotal"></lowerLevelReport>
        </detail>
        <footer space="below">
          <field whichfield="column 1" width="9cm"  pos="2cm">
            <value text="Total for report period: "/>
          </field>
          <field whichfield="column {param_gift_amount_column}" pos="indented" line="above" format="currency">
            <value variable="RecipientTotal"/>
          </field>
        </footer>
      </level>

      <level name="RecipientLevel">
        <header>
          <field whichfield="header 0" pos="0cm" width="15.0cm">
            <value text="Recipient: "/>
            <value variable="RecipientName"/>
            <value text="   Partner Key: "/>
            <value variable="RecipientKey" format="partnerkey"/>
			<value condition="eq({param_report_type}, Complete) and not(eq({FieldName}, ''))" text="   Current Field: "/>
            <value variable="FieldName" condition="eq({param_report_type}, Complete)"/>
          </field>
        </header>
        <detail>
          <lowerLevelReport level="ReportPerRecipient" calculation="ClearRecipientTotal"></lowerLevelReport>
        </detail>
        <footer>
          <field whichfield="column 1" width="9cm"  pos="5cm">
            <value text="Total for report period: "/>
          </field>
          <field whichfield="column {param_gift_amount_column}" pos="indented" line="above" format="currency" align="right">
            <value variable="RecipientTotal"/>
          </field>
        </footer>
      </level>

      <level name="ReportPerRecipient">
        <detail>
          <lowerLevelReport level="DonorLevel" calculation="SelectGiftsSingleRecipient"></lowerLevelReport>
        </detail>
      </level>

      <level name="DonorLevel" identification="RecipientKey">
        <detail>
          <field whichfield="columns" calculation="GetDonorAddress"/>
        </detail>
      </level>

    </levels>
  </report>
</reports>