<?xml version="1.0"?>
<Parameters>
  <Parameter id="systemsettings" value="eBoolean:true" />
  <Parameter id="xmlfiles" value="eString:FinancialDevelopment\\newdonorreport.xml,common.xml" />
  <Parameter id="currentReport" value="eString:NewDonorReport" />
  <Parameter id="MaxDisplayColumns" value="eInteger:8" />
  <Parameter id="param_minimum_amount" value="eInteger:0" />
  <Parameter id="param_currency" value="eString:Base" />
  <Parameter id="param_rgrSorting" value="eString:Partner Name" />
  <Parameter id="param_calculation" column="0" value="eString:Gift Date" />
  <Parameter id="ColumnWidth" column="0" value="eInteger:2" />
  <Parameter id="param_ytd" column="0" value="eString:false" />
  <Parameter id="param_calculation" column="1" value="eString:Recipient Key" />
  <Parameter id="ColumnWidth" column="1" value="eInteger:2" />
  <Parameter id="param_ytd" column="1" value="eString:false" />
  <Parameter id="param_calculation" column="2" value="eString:Recipient Name" />
  <Parameter id="ColumnWidth" column="2" value="eInteger:4" />
  <Parameter id="param_ytd" column="2" value="eString:false" />
  <Parameter id="param_calculation" column="3" value="eString:Motivation Detail" />
  <Parameter id="ColumnWidth" column="3" value="eInteger:3" />
  <Parameter id="param_ytd" column="3" value="eString:false" />
  <Parameter id="param_calculation" column="4" value="eString:Motivation Detail Description" />
  <Parameter id="ColumnWidth" column="4" value="eInteger:3" />
  <Parameter id="param_ytd" column="4" value="eString:false" />
  <Parameter id="param_calculation" column="5" value="eString:Motivation Group" />
  <Parameter id="ColumnWidth" column="5" value="eInteger:3" />
  <Parameter id="param_ytd" column="5" value="eString:false" />
  <Parameter id="param_calculation" column="6" value="eString:Motivation Group Description" />
  <Parameter id="ColumnWidth" column="6" value="eInteger:3" />
  <Parameter id="param_ytd" column="6" value="eString:false" />
  <Parameter id="param_calculation" column="7" value="eString:Gift Amount" />
  <Parameter id="ColumnWidth" column="7" value="eInteger:3" />
  <Parameter id="param_ytd" column="7" value="eString:false" />
  <Parameter id="param_currency_format" value="eString:CurrencyComplete" />
  <Parameter id="param_gift_amount_column" value="eInteger:7" />
</Parameters>