<?xml version="1.0"?>
<Parameters>
  <Parameter id="systemsettings" value="eBoolean:true" />
  <Parameter id="xmlfiles" value="eString:Personnel\\generalshorttermerreport.xml,Personnel\\shorttermerreport.xml" />
  <Parameter id="currentReport" value="eString:Short Termer Report" />
  <Parameter id="MaxDisplayColumns" value="eInteger:11" />
  <Parameter id="param_source" value="eString:Event" />
  <Parameter id="param_event_selection" value="eString:this" />
  <Parameter id="param_event_code" value="eString:" />
  <Parameter id="param_event_name" value="eString:" />
  <Parameter id="param_extract_name" value="eString:" />
  <Parameter id="param_conference_code" value="eString:" />
  <Parameter id="param_application_status_accepted" value="eString:true" />
  <Parameter id="param_application_status_cancelled" value="eString:false" />
  <Parameter id="param_application_status_enquiry" value="eString:false" />
  <Parameter id="param_application_status_hold" value="eString:false" />
  <Parameter id="param_application_status_rejected" value="eString:false" />
  <Parameter id="orderby0" value="eString:Arrival Date" />
  <Parameter id="orderby1" value="eString:Arrival Time" />
  <Parameter id="orderby2" value="eString:Arrival Location" />
  <Parameter id="param_sortby_readable" value="eString:Arrival Date, Arrival Time, Arrival Location" />
  <Parameter id="param_calculation" column="11" value="eString:Arrival Location" />
  <Parameter id="param_sortby_columns" value="eString:9,10,11" />
  <Parameter id="param_hide_empty_lines" value="eString:false" />
  <Parameter id="param_print_two_lines" value="eString:false" />
  <Parameter id="param_calculation" column="0" value="eString:Partner Key" />
  <Parameter id="ColumnWidth" column="0" value="eInteger:2" />
  <Parameter id="param_calculation" column="1" value="eString:Partner Name" />
  <Parameter id="ColumnWidth" column="1" value="eInteger:3" />
  <Parameter id="param_calculation" column="2" value="eString:Arrival Date" />
  <Parameter id="ColumnWidth" column="2" value="eInteger:2" />
  <Parameter id="param_calculation" column="3" value="eString:Arrival Time" />
  <Parameter id="ColumnWidth" column="3" value="eInteger:2" />
  <Parameter id="param_calculation" column="4" value="eString:Arrival Transport" />
  <Parameter id="ColumnWidth" column="4" value="eInteger:2" />
  <Parameter id="param_calculation" column="5" value="eString:Arrival Location" />
  <Parameter id="ColumnWidth" column="5" value="eDecimal:4615063718147915776" />
  <Parameter id="param_calculation" column="6" value="eString:Arrival Type" />
  <Parameter id="ColumnWidth" column="6" value="eInteger:2" />
  <Parameter id="param_calculation" column="7" value="eString:Arrival Details" />
  <Parameter id="ColumnWidth" column="7" value="eInteger:2" />
  <Parameter id="param_calculation" column="8" value="eString:Departure Date" />
  <Parameter id="ColumnWidth" column="8" value="eInteger:2" />
  <Parameter id="param_calculation" column="9" value="eString:Departure Time" />
  <Parameter id="ColumnWidth" column="9" value="eInteger:2" />
  <Parameter id="param_calculation" column="10" value="eString:Departure Location" />
  <Parameter id="ColumnWidth" column="10" value="eDecimal:4615063718147915776" />
  <Parameter id="param_address_detail" value="eString:false" />
  <Parameter id="param_passport_detail" value="eString:false" />
  <Parameter id="param_church_detail" value="eString:false" />
</Parameters>