<?xml version="1.0"?>
<Parameters>
  <Parameter id="systemsettings" value="eBoolean:true" />
  <Parameter id="xmlfiles" value="eString:Personnel\\applicantgeneralinforeport.xml,Personnel\\shorttermerreport.xml" />
  <Parameter id="currentReport" value="eString:Applicant General Info" />
  <Parameter id="MaxDisplayColumns" value="eInteger:9" />
  <Parameter id="param_source" value="eString:Event" />
  <Parameter id="param_event_selection" value="eString:this" />
  <Parameter id="param_event_code" value="eString:" />
  <Parameter id="param_event_name" value="eString:" />
  <Parameter id="param_extract_name" value="eString:" />
  <Parameter id="param_conference_code" value="eString:" />
  <Parameter id="param_unit_key" value="eString:" />
  <Parameter id="param_application_status_accepted" value="eString:true" />
  <Parameter id="param_application_status_cancelled" value="eString:false" />
  <Parameter id="param_application_status_enquiry" value="eString:false" />
  <Parameter id="param_application_status_hold" value="eString:false" />
  <Parameter id="param_application_status_rejected" value="eString:false" />
  <Parameter id="orderby0" value="eString:Partner Name" />
  <Parameter id="orderby1" value="eString:Application Status" />
  <Parameter id="orderby2" value="eString:Partner Key" />
  <Parameter id="param_sortby_readable" value="eString:Partner Name, Application Status, Partner Key" />
  <Parameter id="param_sortby_columns" value="eString:0,1,2" />
  <Parameter id="param_calculation" column="0" value="eString:Partner Key" />
  <Parameter id="ColumnWidth" column="0" value="eInteger:2" />
  <Parameter id="param_calculation" column="1" value="eString:Partner Name" />
  <Parameter id="ColumnWidth" column="1" value="eInteger:4" />
  <Parameter id="param_calculation" column="2" value="eString:Application Status" />
  <Parameter id="ColumnWidth" column="2" value="eDecimal:4612811918334230528" />
  <Parameter id="param_calculation" column="3" value="eString:Event Code" />
  <Parameter id="ColumnWidth" column="3" value="eInteger:3" />
  <Parameter id="param_calculation" column="4" value="eString:Arrival Date" />
  <Parameter id="ColumnWidth" column="4" value="eInteger:2" />
  <Parameter id="param_calculation" column="5" value="eString:Departure Date" />
  <Parameter id="ColumnWidth" column="5" value="eInteger:2" />
  <Parameter id="param_calculation" column="6" value="eString:Fellowship Group" />
  <Parameter id="ColumnWidth" column="6" value="eInteger:2" />
  <Parameter id="param_calculation" column="7" value="eString:Leadership Rating" />
  <Parameter id="ColumnWidth" column="7" value="eInteger:3" />
</Parameters>