<?xml version="1.0"?>
<Parameters>
  <Parameter id="systemsettings" value="eBoolean:true" />
  <Parameter id="xmlfiles" value="eString:Conference\\arrivaldeparturegroupreport.xml,Conference\\conference.xml" />
  <Parameter id="currentReport" value="eString:Arrival Departure Group" />
  <Parameter id="MaxDisplayColumns" value="eInteger:8" />
  <Parameter id="param_conferenceselection" value="eString:one conference" />
  <Parameter id="param_attendeeselection" value="eString:all attendees" />
  <Parameter id="param_partnerkey" value="eInteger:0" />
  <Parameter id="param_conferencekey" value="eInteger:0" />
  <Parameter id="param_conferencename" value="eString:" />
  <Parameter id="param_extractname" value="eString:" />
  <Parameter id="param_rgrGroupType" value="eString:DepartureGroup" />
  <Parameter id="param_chkIncludeNoGroups" value="eString:true" />
  <Parameter id="param_calculation" column="0" value="eString:Partner Name" />
  <Parameter id="ColumnWidth" column="0" value="eInteger:5" />
  <Parameter id="param_calculation" column="1" value="eString:Charged Office" />
  <Parameter id="ColumnWidth" column="1" value="eInteger:3" />
  <Parameter id="param_calculation" column="2" value="eString:Departure Date" />
  <Parameter id="ColumnWidth" column="2" value="eInteger:2" />
  <Parameter id="param_calculation" column="3" value="eString:Departure Time" />
  <Parameter id="ColumnWidth" column="3" value="eInteger:2" />
  <Parameter id="param_calculation" column="4" value="eString:Departure Needs Transport" />
  <Parameter id="ColumnWidth" column="4" value="eInteger:3" />
  <Parameter id="param_calculation" column="5" value="eString:Departure Point" />
  <Parameter id="ColumnWidth" column="5" value="eInteger:3" />
  <Parameter id="param_calculation" column="6" value="eString:Departure Type" />
  <Parameter id="ColumnWidth" column="6" value="eInteger:3" />
  <Parameter id="param_calculation" column="7" value="eString:Departure Details" />
  <Parameter id="ColumnWidth" column="7" value="eInteger:3" />
</Parameters>