<?xml version="1.0"?>
<Parameters>
  <Parameter id="systemsettings" value="eBoolean:true" />
  <Parameter id="xmlfiles" value="eString:Finance\\\\incomeexpensestatement.xml,Finance\\\\finance.xml,common.xml" />
  <Parameter id="currentReport" value="eString:Income Expense Statement" />
  <Parameter id="MaxDisplayColumns" value="eInteger:0" />
  <Parameter id="param_diff_period_i" value="eInteger:0" />
  <Parameter id="param_start_period_i" value="eInteger:1" />
  <Parameter id="param_end_period_i" value="eInteger:1" />
  <Parameter id="param_current_period" value="eInteger:1" />
  <Parameter id="param_account_hierarchy_c" value="eString:STANDARD" />
  <Parameter id="param_currency" value="eString:Base" />
  <Parameter id="param_currency_name" value="eString:ZAR" />
  <Parameter id="param_period" value="eBoolean:true" />
  <Parameter id="param_period_breakdown" value="eBoolean:false" />
  <Parameter id="param_period_checked" value="eBoolean:true" />
  <Parameter id="param_date_checked" value="eBoolean:false" />
  <Parameter id="param_quarter_checked" value="eBoolean:false" />
  <Parameter id="param_year_i" value="eInteger:13" />
  <Parameter id="param_real_year" value="eInteger:2012" />
  <Parameter id="param_real_year_ending" value="eString:31-Dec-2012" />
  <Parameter id="param_start_date" value="eDateTime:&quot;2012-01-01T00:00:00&quot;" />
  <Parameter id="param_end_date" value="eDateTime:&quot;2012-01-31T00:00:00&quot;" />
  <Parameter id="param_current_financial_year" value="eBoolean:true" />
  <Parameter id="param_costcentreoptions" value="eString:AllActiveCostCentres" />
  <Parameter id="param_paginate" value="eBoolean:false" />
  <Parameter id="param_auto_email" value="eBoolean:false" />
  <Parameter id="param_cost_centre_codes" value="eString:text:8000" />
  <Parameter id="param_cost_centre_list_title" value="eString:Selected Cost Centres" />
  <Parameter id="param_cost_centre_summary" value="eBoolean:false" />
  <Parameter id="param_cost_centre_breakdown" value="eBoolean:false" />
  <Parameter id="ExcludeInactiveCostCentres" value="eBoolean:false" />
  <Parameter id="param_depth" value="eString:Summary" />
  <Parameter id="param_currency_format" value="eString:CurrencyComplete" />
  <Parameter id="param_ledger_number_i" value="eInteger:80" />
</Parameters>