<?xml version="1.0" encoding="UTF-8"?>
<!DOCTYPE reports SYSTEM "../reports.dtd" >
<reports>

  <report id="Abilities Report">
	<description>
		Report for short termer abilities.
	</description>
	<reportparameters>
		<reportparameter name="param_source"></reportparameter>
		<reportparameter name="param_event_code"></reportparameter>
		<reportparameter name="param_extract_name"></reportparameter>
		<reportparameter name="param_event_name"></reportparameter>
		<reportparameter name="param_conference_code"></reportparameter>
		<reportparameter name="param_unit_key"></reportparameter>
		<reportparameter name="param_event_selection"></reportparameter>
		<reportparameter name="param_hide_empty_lines"></reportparameter>
		<reportparameter name="param_print_two_lines"></reportparameter>
		<reportparameter name="param_application_status_accepted"></reportparameter>
		<reportparameter name="param_application_status_cancelled"></reportparameter>
		<reportparameter name="param_application_status_enquiry"></reportparameter>
		<reportparameter name="param_application_status_hold"></reportparameter>
		<reportparameter name="param_application_status_rejected"></reportparameter>
	</reportparameters>
	
	<reportheader></reportheader>
    <pageheader>
      <field whichfield="title1"><value text="Abilities Report"></value></field>
      <field whichfield="title2"><value function="getSiteName()"></value></field>
      <!--field whichfield="descr1">
        <value text="Sorted by: "></value>
        <value variable="param_sortby_readable"></value>
      </field-->
	  
      <field whichfield="period1">
        <fielddetail>
	  <value text="Application Status:"></value>
	</fielddetail>
	<fielddetail condition="eq({param_application_status_accepted}, true)">
	  <value text=" Accepted"></value>
	</fielddetail>
	<fielddetail condition="eq({param_application_status_cancelled}, true)">
	  <value text=" Cancelled"></value>
	</fielddetail>
	<fielddetail condition="eq({param_application_status_rejected}, true)">
	  <value text=" Rejected"></value>
	</fielddetail>
	<fielddetail condition="eq({param_application_status_enquiry}, true)">
	  <value text=" Enquiry"></value>
	</fielddetail>
	<fielddetail condition="eq({param_application_status_hold}, true)">
	  <value text=" Hold"></value>
	</fielddetail>
      </field>
	  
      <field whichfield="period2">
        <!--fielddetail>
          <value text="Selection: "></value>
        </fielddetail-->
        <fielddetail condition="eq({param_event_selection}, this)">
          <value text="Event: "></value><value variable="param_event_code"></value>
        </fielddetail>
        <fielddetail condition="eq({param_event_selection}, related)">
          <value text="Event and related options: "></value><value variable="param_event_code"></value>
        </fielddetail>
        <fielddetail condition="eq({param_event_selection}, all)">
          <value text="All Events"></value>
        </fielddetail>
      </field>
      <field whichfield="period3">
	  <fielddetail condition="eq({param_source}, Extract)">
	    <value text="Participants from Extract: "/>
	    <value variable="param_extract_name"/>
	  </fielddetail>
	  <fielddetail condition="eq({param_source}, Event)">
	    <value text="All Participants"/>
	  </fielddetail>
      </field>
    </pageheader>

    <calculations>
	
	<calculation id="Select Abilities" returns="Ability, AbilityDescription" returnsFormat="row">
		<query>
			<queryDetail><value>
				SELECT DISTINCT
					PUB_pm_person_ability.pt_ability_area_name_c AS Ability,
					PUB_pt_ability_area.pt_ability_area_descr_c AS AbilityDescription
				FROM
					PUB_p_person, PUB_p_partner, PUB_pm_person_ability, PUB_pt_ability_area,
			</value></queryDetail>
			
			<!-- event and related options -->
			<queryDetail condition="and(eq({param_source}, Event), eq({param_event_selection}, related))"><value>
					PUB_pm_short_term_application, PUB_pm_general_application
				WHERE
					PUB_pm_short_term_application.pm_confirmed_option_code_c LIKE {param_conference_code}
			</value></queryDetail>
			
			<!-- event only -->
			<queryDetail condition="and(eq({param_source}, Event), eq({param_event_selection}, this))"><value>
					PUB_p_unit,  PUB_pm_short_term_application, PUB_pm_general_application
				WHERE
					PUB_p_unit.p_partner_key_n = {{param_unit_key}}
					AND PUB_pm_short_term_application.pm_confirmed_option_code_c  = PUB_p_unit.p_outreach_code_c
			</value></queryDetail>
			
			<!-- all events -->
			<queryDetail condition="and(eq({param_source}, Event), eq({param_event_selection}, all))"><value>
					PUB_p_unit,  PUB_pm_short_term_application, PUB_pm_general_application
				WHERE
					PUB_pm_short_term_application.pm_confirmed_option_code_c  = PUB_p_unit.p_outreach_code_c
			</value></queryDetail>
			
			<!-- extract and event only -->
			<queryDetail condition="and(eq({param_event_selection}, this), eq({param_source}, Extract))"><value>
					PUB_m_extract, PUB_m_extract_master,  PUB_pm_short_term_application, PUB_pm_general_application, PUB_p_unit
				WHERE
					 PUB_p_partner.p_partner_key_n = PUB_m_extract.p_partner_key_n
					AND PUB_m_extract.m_extract_id_i = PUB_m_extract_master.m_extract_id_i
					AND PUB_m_extract_master.m_extract_name_c = {param_extract_name}
					AND PUB_p_unit.p_partner_key_n = {{param_unit_key}}
					AND PUB_pm_short_term_application.pm_confirmed_option_code_c  = PUB_p_unit.p_outreach_code_c
			</value></queryDetail>
			
			<!-- extract and event and related otions -->
			<queryDetail condition="and(eq({param_event_selection}, related), eq({param_source}, Extract))"><value>
					PUB_m_extract, PUB_m_extract_master,  PUB_pm_short_term_application, PUB_pm_general_application, PUB_p_unit
				WHERE
					 PUB_p_partner.p_partner_key_n = PUB_m_extract.p_partner_key_n
					AND PUB_m_extract.m_extract_id_i = PUB_m_extract_master.m_extract_id_i
					AND PUB_m_extract_master.m_extract_name_c = {param_extract_name}
					AND PUB_pm_short_term_application.pm_confirmed_option_code_c LIKE {param_conference_code}
			</value></queryDetail>
			
			<!-- extract and all events -->
			<queryDetail condition="and(eq({param_event_selection}, all), eq({param_source}, Extract))"><value>
					PUB_m_extract, PUB_m_extract_master,  PUB_pm_short_term_application, PUB_pm_general_application, PUB_p_unit
				WHERE
					 PUB_p_partner.p_partner_key_n = PUB_m_extract.p_partner_key_n
					AND PUB_m_extract.m_extract_id_i = PUB_m_extract_master.m_extract_id_i
					AND PUB_m_extract_master.m_extract_name_c = {param_extract_name}
			</value></queryDetail>
			
			<queryDetail><value>
					AND PUB_pt_ability_area.pt_ability_area_name_c = PUB_pm_person_ability.pt_ability_area_name_c
					AND PUB_pm_person_ability.p_partner_key_n = PUB_p_partner.p_partner_key_n
					AND PUB_p_person.p_partner_key_n = PUB_p_partner.p_partner_key_n
					AND PUB_pm_short_term_application.p_partner_key_n = PUB_p_partner.p_partner_key_n
					AND NOT PUB_pm_short_term_application.pm_st_basic_delete_flag_l = 1
					AND NOT PUB_pm_general_application.pm_gen_app_delete_flag_l = 1
					AND PUB_pm_general_application.p_partner_key_n = PUB_pm_short_term_application.p_partner_key_n
					AND PUB_pm_general_application.pm_application_key_i = PUB_pm_short_term_application.pm_application_key_i
					AND PUB_pm_general_application.pm_registration_office_n = PUB_pm_short_term_application.pm_registration_office_n
					AND ( PUB_pm_general_application.pm_gen_application_status_c = ''
			</value></queryDetail>
			<queryDetail condition="eq({param_application_status_accepted}, true)"><value>
							OR PUB_pm_general_application.pm_gen_application_status_c = 'A'
			</value></queryDetail>
			<queryDetail condition="eq({param_application_status_cancelled}, true)"><value>
							OR PUB_pm_general_application.pm_gen_application_status_c = 'C1'
							OR PUB_pm_general_application.pm_gen_application_status_c = 'C2'
							OR PUB_pm_general_application.pm_gen_application_status_c = 'C3'
							OR PUB_pm_general_application.pm_gen_application_status_c = 'C4'
							OR PUB_pm_general_application.pm_gen_application_status_c = 'C5'
							OR PUB_pm_general_application.pm_gen_application_status_c = 'C6'
							OR PUB_pm_general_application.pm_gen_application_status_c = 'C7' 
			</value></queryDetail>
			<queryDetail condition="eq({param_application_status_enquiry}, true)"><value>
							OR PUB_pm_general_application.pm_gen_application_status_c = 'E'
			</value></queryDetail>
			<queryDetail condition="eq({param_application_status_hold}, true)"><value>
							OR PUB_pm_general_application.pm_gen_application_status_c = 'H'
							OR PUB_pm_general_application.pm_gen_application_status_c = 'H-LANG'
							OR PUB_pm_general_application.pm_gen_application_status_c = 'H-MED'
							OR PUB_pm_general_application.pm_gen_application_status_c = 'H-REF'
							OR PUB_pm_general_application.pm_gen_application_status_c = 'H-SUP' 
			</value></queryDetail>
			<queryDetail condition="eq({param_application_status_rejected}, true)"><value>
							OR PUB_pm_general_application.pm_gen_application_status_c = 'R1'
							OR PUB_pm_general_application.pm_gen_application_status_c = 'R2'
							OR PUB_pm_general_application.pm_gen_application_status_c = 'R3'
							OR PUB_pm_general_application.pm_gen_application_status_c = 'R4'
							OR PUB_pm_general_application.pm_gen_application_status_c = 'R5'
							OR PUB_pm_general_application.pm_gen_application_status_c = 'R6'
							OR PUB_pm_general_application.pm_gen_application_status_c = 'R7' 
			</value></queryDetail>
			<queryDetail><value>
							) ORDER BY  AbilityDescription
			</value></queryDetail>
		</query>
	</calculation>
	
	<calculation id="Select Partners" returns="PartnerKey, PartnerName, FirstLanguage, Gender, MaritalStatus, DateOfBirth, PreferedName, Level, Experience, pm_bringing_instrument_l, LevelDescription,
				ApplicationStatus, ApplicationKey, ConferenceRole, EventCode, Group
				" returnsFormat="row">
		<query>
			<queryDetail><value>
				SELECT DISTINCT
					PUB_p_partner.p_partner_key_n AS PartnerKey,
					PUB_p_partner.p_partner_short_name_c AS PartnerName,
					PUB_p_partner.p_language_code_c AS FirstLanguage,
					
					PUB_p_person.p_gender_c AS Gender,
					PUB_p_person.p_marital_status_c AS MaritalStatus,
					PUB_p_person.p_date_of_birth_d AS DateOfBirth,
					PUB_p_person.p_prefered_name_c AS PreferedName,
					
					PUB_pm_person_ability.pt_ability_level_i AS Level,
					PUB_pm_person_ability.pm_years_of_experience_i AS Experience,
					PUB_pm_person_ability.pm_bringing_instrument_l AS pm_bringing_instrument_l,
					
					PUB_pt_ability_level.pt_ability_level_descr_c AS LevelDescription,
				
					PUB_pm_general_application.pm_gen_application_status_c AS ApplicationStatus,
					PUB_pm_general_application.pm_application_key_i AS ApplicationKey,
					
					PUB_pm_short_term_application.pm_st_congress_code_c AS ConferenceRole,
					PUB_pm_short_term_application.pm_confirmed_option_code_c AS EventCode,
					PUB_pm_short_term_application.pm_st_fg_code_c AS Group
				FROM
					PUB_p_person, PUB_p_partner, PUB_pm_person_ability, PUB_pt_ability_level,
			</value></queryDetail>
			
			<!-- event and related options -->
			<queryDetail condition="and(eq({param_source}, Event), eq({param_event_selection}, related))"><value>
					PUB_pm_short_term_application, PUB_pm_general_application
				WHERE
					PUB_pm_short_term_application.pm_confirmed_option_code_c LIKE {param_conference_code}
			</value></queryDetail>
			
			<!-- event only -->
			<queryDetail condition="and(eq({param_source}, Event), eq({param_event_selection}, this))"><value>
					PUB_p_unit,  PUB_pm_short_term_application, PUB_pm_general_application
				WHERE
					PUB_p_unit.p_partner_key_n = {{param_unit_key}}
					AND PUB_pm_short_term_application.pm_confirmed_option_code_c  = PUB_p_unit.p_outreach_code_c
			</value></queryDetail>
			
			<!-- all events -->
			<queryDetail condition="and(eq({param_source}, Event), eq({param_event_selection}, all))"><value>
						PUB_pm_short_term_application, PUB_pm_general_application
				WHERE
					PUB_p_person.p_partner_key_n = PUB_p_partner.p_partner_key_n
			</value></queryDetail>
			
			<!-- extract and event only -->
			<queryDetail condition="and(eq({param_event_selection}, this), eq({param_source}, Extract))"><value>
					PUB_m_extract, PUB_m_extract_master,  PUB_pm_short_term_application, PUB_pm_general_application, PUB_p_unit
				WHERE
					 PUB_p_partner.p_partner_key_n = PUB_m_extract.p_partner_key_n
					AND PUB_m_extract.m_extract_id_i = PUB_m_extract_master.m_extract_id_i
					AND PUB_m_extract_master.m_extract_name_c = {param_extract_name}
					AND PUB_p_unit.p_partner_key_n = {{param_unit_key}}
					AND PUB_pm_short_term_application.pm_confirmed_option_code_c  = PUB_p_unit.p_outreach_code_c
			</value></queryDetail>
			
			<!-- extract and event and related otions -->
			<queryDetail condition="and(eq({param_event_selection}, related), eq({param_source}, Extract))"><value>
					PUB_m_extract, PUB_m_extract_master,  PUB_pm_short_term_application, PUB_pm_general_application, PUB_p_unit
				WHERE
					 PUB_p_partner.p_partner_key_n = PUB_m_extract.p_partner_key_n
					AND PUB_m_extract.m_extract_id_i = PUB_m_extract_master.m_extract_id_i
					AND PUB_m_extract_master.m_extract_name_c = {param_extract_name}
					AND PUB_pm_short_term_application.pm_confirmed_option_code_c LIKE {param_conference_code}
			</value></queryDetail>
			
			<!-- extract and all events -->
			<queryDetail condition="and(eq({param_event_selection}, all), eq({param_source}, Extract))"><value>
					PUB_m_extract, PUB_m_extract_master,  PUB_pm_short_term_application, PUB_pm_general_application, PUB_p_unit
				WHERE
					 PUB_p_partner.p_partner_key_n = PUB_m_extract.p_partner_key_n
					AND PUB_m_extract.m_extract_id_i = PUB_m_extract_master.m_extract_id_i
					AND PUB_m_extract_master.m_extract_name_c = {param_extract_name}
			</value></queryDetail>
			
			<queryDetail><value>
					AND PUB_pt_ability_level.pt_ability_level_i = PUB_pm_person_ability.pt_ability_level_i
					AND PUB_pm_person_ability.p_partner_key_n = PUB_p_partner.p_partner_key_n
					AND PUB_pm_person_ability.pt_ability_area_name_c = {Ability}
					AND PUB_p_person.p_partner_key_n = PUB_p_partner.p_partner_key_n
					AND PUB_pm_short_term_application.p_partner_key_n = PUB_p_partner.p_partner_key_n
					AND NOT PUB_pm_short_term_application.pm_st_basic_delete_flag_l = 1
					AND NOT PUB_pm_general_application.pm_gen_app_delete_flag_l = 1
					AND PUB_pm_general_application.p_partner_key_n = PUB_pm_short_term_application.p_partner_key_n
					AND PUB_pm_general_application.pm_application_key_i = PUB_pm_short_term_application.pm_application_key_i
					AND PUB_pm_general_application.pm_registration_office_n = PUB_pm_short_term_application.pm_registration_office_n
					AND ( PUB_pm_general_application.pm_gen_application_status_c = ''
			</value></queryDetail>
			<queryDetail condition="eq({param_application_status_accepted}, true)"><value>
							OR PUB_pm_general_application.pm_gen_application_status_c = 'A'
			</value></queryDetail>
			<queryDetail condition="eq({param_application_status_cancelled}, true)"><value>
							OR PUB_pm_general_application.pm_gen_application_status_c = 'C1'
							OR PUB_pm_general_application.pm_gen_application_status_c = 'C2'
							OR PUB_pm_general_application.pm_gen_application_status_c = 'C3'
							OR PUB_pm_general_application.pm_gen_application_status_c = 'C4'
							OR PUB_pm_general_application.pm_gen_application_status_c = 'C5'
							OR PUB_pm_general_application.pm_gen_application_status_c = 'C6'
							OR PUB_pm_general_application.pm_gen_application_status_c = 'C7' 
			</value></queryDetail>
			<queryDetail condition="eq({param_application_status_enquiry}, true)"><value>
							OR PUB_pm_general_application.pm_gen_application_status_c = 'E'
			</value></queryDetail>
			<queryDetail condition="eq({param_application_status_hold}, true)"><value>
							OR PUB_pm_general_application.pm_gen_application_status_c = 'H'
							OR PUB_pm_general_application.pm_gen_application_status_c = 'H-LANG'
							OR PUB_pm_general_application.pm_gen_application_status_c = 'H-MED'
							OR PUB_pm_general_application.pm_gen_application_status_c = 'H-REF'
							OR PUB_pm_general_application.pm_gen_application_status_c = 'H-SUP' 
			</value></queryDetail>
			<queryDetail condition="eq({param_application_status_rejected}, true)"><value>
							OR PUB_pm_general_application.pm_gen_application_status_c = 'R1'
							OR PUB_pm_general_application.pm_gen_application_status_c = 'R2'
							OR PUB_pm_general_application.pm_gen_application_status_c = 'R3'
							OR PUB_pm_general_application.pm_gen_application_status_c = 'R4'
							OR PUB_pm_general_application.pm_gen_application_status_c = 'R5'
							OR PUB_pm_general_application.pm_gen_application_status_c = 'R6'
							OR PUB_pm_general_application.pm_gen_application_status_c = 'R7' 
			</value></queryDetail>
			<queryDetail><value>
							)
			</value></queryDetail>
			<queryDetail><value>
							ORDER BY PartnerName
			</value></queryDetail>
		</query>
	</calculation>
	
	<calculation id="CleanUp" returns="AbilityLevelDescription, BringingInstrument" returnsFormat="text">
		<query>
			<queryDetail>
				<value text="NO-SQL"/>
				<value function="assign(AbilityLevelDescription, concatenateww({Level}, {LevelDescription}, 2))"/>
			</queryDetail>
			<queryDetail condition="eq({pm_bringing_instrument_l}, true)">
				<value text="NO-SQL"/>
				<value function="assign(BringingInstrument, yes)"/>
			</queryDetail>
			<queryDetail condition="eq({pm_bringing_instrument_l}, false)">
				<value text="NO-SQL"/>
				<value function="assign(BringingInstrument, no)"/>
			</queryDetail>
		</query>
	</calculation>
	
	<calculation align="left" id="Ability" returns="text" returnsFormat="text">
		<caption><value text="Ability"></value></caption>
		<query>
			<queryDetail>
				<value variable="AbilityDescription"></value>
			</queryDetail>
		</query>
	</calculation>
	
	<calculation align="left" id="Application Key" returns="text" returnsFormat="text">
		<caption><value text="Application Key"></value></caption>
		<query>
			<queryDetail>
				<value variable="ApplicationKey"></value>
			</queryDetail>
		</query>
	</calculation>
	
	<calculation align="left" id="Application Status" returns="text" returnsFormat="text">
		<caption><value text="App. Status"></value></caption>
		<query>
			<queryDetail>
				<value variable="ApplicationStatus"></value>
			</queryDetail>
		</query>
	</calculation>
	
	<calculation align="left" id="Bringing Instrument" returns="text" returnsFormat="text">
		<caption><value text="Bringing Instrument"></value></caption>
		<query>
			<queryDetail>
				<value variable="BringingInstrument"></value>
			</queryDetail>
		</query>
	</calculation>
	
	<calculation align="left" id="Conference Role" returns="text" returnsFormat="text">
		<caption><value text="Conference Role"></value></caption>
		<query>
			<queryDetail>
				<value variable="ConferenceRole"></value>
			</queryDetail>
		</query>
	</calculation>
	
	<calculation align="left" id="Date of birth" returns="text" returnsFormat="formatteddate">
		<caption><value text="DOB"></value></caption>
		<query>
			<queryDetail>
				<value variable="DateOfBirth"></value>
			</queryDetail>
		</query>
	</calculation>
	
	<calculation align="left" id="Experience" returns="text" returnsFormat="text">
		<caption><value text="Experience"></value></caption>
		<query>
			<queryDetail>
				<value variable="Experience"></value>
			</queryDetail>
		</query>
	</calculation>
	
	<calculation align="left" id="Event Code" returns="text" returnsFormat="text">
		<caption><value text="Event Code"></value></caption>
		<query>
			<queryDetail>
				<value variable="EventCode"></value>
			</queryDetail>
		</query>
	</calculation>
	
	<calculation align="left" id="Gender" returns="text" returnsFormat="text">
		<caption><value text="Gender"></value></caption>
		<query>
			<queryDetail>
				<value variable="Gender"></value>
			</queryDetail>
		</query>
	</calculation>
	
	<calculation align="left" id="Level" returns="text" returnsFormat="text">
		<caption><value text="Level"></value></caption>
		<query>
			<queryDetail>
				<value variable="AbilityLevelDescription"></value>
			</queryDetail>
		</query>
	</calculation>
	
	<calculation align="left" id="Marital Status" returns="text" returnsFormat="text">
		<caption><value text="Marital Status"></value></caption>
		<query>
			<queryDetail>
				<value variable="MaritalStatus"></value>
			</queryDetail>
		</query>
	</calculation>
	
	<calculation align="left" id="Partner Key" returns="text" returnsFormat="partnerkey">
		<caption><value text="Partner Key"></value></caption>
		<query>
			<queryDetail>
				<value variable="PartnerKey"></value>
			</queryDetail>
		</query>
	</calculation>
	
	<calculation align="left" id="Partner Name" returns="text" returnsFormat="text">
		<caption><value text="Partner Name"></value></caption>
		<query>
			<queryDetail>
				<value variable="PartnerName"></value>
			</queryDetail>
		</query>
	</calculation>
	
    </calculations>
   
    <levels> 
	<level name="main">
		<detail>
			<lowerLevelReport calculation="Select Abilities" level="Partner Abilities"></lowerLevelReport>
		</detail>
	</level> 

	<level name="Partner Abilities" identification="PartnerKey">
		<header>
			<field whichfield="header 0" pos="0cm" width="7cm">
				<value text=""/>
				<value variable="AbilityDescription"/>
			</field>
		</header>
		<detail>
			<lowerLevelReport level="Partner Level" calculation="Select Partners"></lowerLevelReport>
		</detail>
		<footer space="above">
		</footer>
	</level>
	
	<level name="Partner Level" identification="PartnerKey">
		<detail>
			<field whichfield="left 0" pos="0cm" width="1cm">
				<value text=""/>
			</field>
			<field whichfield="Columns" pos="2cm" calculation="CleanUp"></field>
		</detail>
	</level>
	
    </levels>
  </report>
</reports>
