<?xml version="1.0" encoding="ISO-8859-1" ?>
<!DOCTYPE reports SYSTEM "../reports.dtd">
<reports>
	<report id="DonorReportDetail">
		<description>
			
		</description>
		<reportparameters>
			<reportparameter name="param_ledger_number_i"/>
			<reportparameter name="param_partner_source"/>
			<reportparameter name="param_extract_name"/>
			<reportparameter name="param_currency"/>
			<reportparameter name="param_start_date"/>
			<reportparameter name="param_end_date"/> 
		</reportparameters>
		
		<reportheader/>
		<pageheader>
			<field whichfield="title1"><value text ="Detail Donor Report" /></field>
			<field whichfield="title2"><value function="getLedgerName({{param_ledger_number_i}})"/></field>
			<field whichfield="descr1"><value text="Ledger "/><value variable="param_ledger_number_i"/>
				<value text="   "/><value function="getLedgerName({{param_ledger_number_i}})"/></field>
			
			<field whichfield="period1">
				<fielddetail>
					<value text="Period:  "/>
					<value variable="param_start_date" format="formatteddate"/>
					<value text=" To "/>
					<value variable="param_end_date" format="formatteddate"/>
				</fielddetail>
			</field>
			<field whichfield="descr1">
				<value text="Sorted by: "></value>
				<value variable="param_rgrSorting"></value>
			</field>
			<field whichfield="descr2">
				<value text="Currency: "/>
				<value function="getCurrency({{param_ledger_number_i}}, {GLOBAL:param_currency})"/>
			</field>
			<field whichfield="descr3">
				<fielddetail condition="eq({param_all_partners}, true)">
					<value text="All Partners"/>
				</fielddetail>
				<fielddetail condition="eq({param_extract}, true)">
					<value text="Donors from extract: "/>
					<value variable="param_extract_name"/>
				</fielddetail>
			</field>
		</pageheader>

		<calculations>
		
			<!-- Select Donors and Totals in a given period of time -->
			<calculation id="Select Donors and Totals"
					returns="DonorKey, TotalGiven, ShortName, PartnerClass"
					returnsFormat="row">
				<query>
					<queryDetail>
						<value>
						SELECT 
							gift.p_donor_key_n AS DonorKey,
							PUB_p_partner.p_partner_short_name_c AS ShortName,
							PUB_p_partner.p_partner_class_c AS PartnerClass,
						 </value>
					</queryDetail>
					<queryDetail condition="eq({param_currency}, Base)">
						<value>
							SUM(detail.a_gift_amount_n) AS TotalGiven
						 </value>
					</queryDetail>
					<queryDetail condition="eq({param_currency}, International)">
						<value>
							SUM(detail.a_gift_amount_intl_n) AS TotalGiven
						 </value>
					</queryDetail>
					<queryDetail>
						<value>
						FROM PUB_a_gift_batch as batch, 
							 PUB_a_gift as gift, 
							 PUB_a_gift_detail as detail,
							 PUB_p_partner
						 </value>
					</queryDetail>
					<queryDetail condition="eq({param_partner_source}, Extract)">
						<value>
							, PUB_m_extract,
							PUB_m_extract_master
						WHERE 
							gift.p_donor_key_n = PUB_m_extract.p_partner_key_n
							AND PUB_m_extract.m_extract_id_i = PUB_m_extract_master.m_extract_id_i
							AND PUB_m_extract_master.m_extract_name_c = {param_extract_name}
							AND
						</value>
					</queryDetail>
					<queryDetail condition="eq({param_partner_source}, AllPartner)">
						<value>
						WHERE
						</value>
					</queryDetail>
					<queryDetail>
						<value>
							batch.a_ledger_number_i = gift.a_ledger_number_i
							AND batch.a_batch_number_i = gift.a_batch_number_i
							AND detail.a_ledger_number_i = gift.a_ledger_number_i
							AND detail.a_batch_number_i = gift.a_batch_number_i
							AND detail.a_gift_transaction_number_i = gift.a_gift_transaction_number_i
							AND gift.a_date_entered_d BETWEEN {#param_start_date#} AND {#param_end_date#}
							AND batch.a_ledger_number_i = {{param_ledger_number_i}}
							AND batch.a_batch_status_c = "Posted"
							AND PUB_p_partner.p_partner_key_n = gift.p_donor_key_n 
							GROUP BY gift.p_donor_key_n, PUB_p_partner.p_partner_short_name_c, PUB_p_partner.p_partner_class_c
						</value>
					</queryDetail>
					
					<queryDetail condition="eq({param_rgrSorting}, Donor Name)">
						<value>
							ORDER BY ShortName
						</value>
					</queryDetail>
					<queryDetail condition="eq({param_rgrSorting}, Partner Key)">
						<value>
							ORDER BY DonorKey
						</value>
					</queryDetail>
					<queryDetail condition="eq({param_rgrSorting}, 	Amount)">
						<value>
							ORDER BY TotalGiven
						</value>
					</queryDetail>
				</query>
			</calculation>

			<calculation id="SelectGiftDetails" returns="automatic" returnsFormat="row">
				<query>
					<queryDetail>
						<value>
						SELECT 
							PUB_p_partner.p_partner_short_name_c AS RecipientName,
							PUB_a_gift.a_date_entered_d AS GiftDate,
							PUB_a_gift_detail.p_recipient_key_n AS RecipientKey,
							PUB_a_gift_detail.a_recipient_ledger_number_n AS RecipientLedgerKey,
							PUB_a_motivation_detail.a_motivation_detail_desc_local_c,
							LedgerPartner.p_partner_short_name_c AS LedgerPartnerName,
						 </value>
					</queryDetail>
					<queryDetail condition="eq({param_currency}, Base)">
						<value>
							PUB_a_gift_detail.a_gift_amount_n AS GiftAmount
						 </value>
					</queryDetail>
					<queryDetail condition="eq({param_currency}, International)">
						<value>
							PUB_a_gift_detail.a_gift_amount_intl_n AS GiftAmount
						 </value>
					</queryDetail>
					<queryDetail>
						<value>
						FROM
							PUB_p_partner,
							PUB_p_partner AS LedgerPartner,
							PUB_a_motivation_detail,
							PUB_a_gift,
							PUB_a_gift_detail,
							PUB_a_gift_batch
						WHERE
							PUB_p_partner.p_partner_key_n = PUB_a_gift_detail.p_recipient_key_n
							AND LedgerPartner.p_partner_key_n = PUB_a_gift_detail.a_recipient_ledger_number_n
							AND PUB_a_motivation_detail.a_motivation_group_code_c = PUB_a_gift_detail.a_motivation_group_code_c
							AND PUB_a_motivation_detail.a_motivation_detail_code_c = PUB_a_gift_detail.a_motivation_detail_code_c
							AND PUB_a_gift.p_donor_key_n = {{DonorKey}}
							AND PUB_a_gift_batch.a_batch_number_i = PUB_a_gift.a_batch_number_i
							AND PUB_a_gift_detail.a_batch_number_i = PUB_a_gift.a_batch_number_i
							AND PUB_a_gift_detail.a_gift_transaction_number_i = PUB_a_gift.a_gift_transaction_number_i
							AND PUB_a_gift.a_date_entered_d BETWEEN {#param_start_date#} AND {#param_end_date#}
							AND PUB_a_motivation_detail.a_ledger_number_i = {{param_ledger_number_i}}
							AND PUB_a_gift_batch.a_ledger_number_i = {{param_ledger_number_i}}
							AND PUB_a_gift_detail.a_ledger_number_i =  {{param_ledger_number_i}}
							AND PUB_a_gift.a_ledger_number_i =  {{param_ledger_number_i}}
							AND PUB_a_gift_batch.a_batch_status_c = 'Posted'
						</value>
					</queryDetail>
				</query>
			</calculation>
			
			<calculation id="GetPartnerBestAddress"
					returns="automatic"
					returnsFormat="internal">
				<query>
					<queryDetail>
						<value text="NO-SQL"/>
						<value function="GetPartnerBestAddress({DonorKey})"/>
						<value function="assign(PartnerAddress,  )"/>
						<value function="assign(PartnerAddress, concatenateww({PartnerAddress}, {Locality}, 2))"/>
						<value function="assign(PartnerAddress, concatenatewithcomma({PartnerAddress},{StreetName}))"/>
						<value function="assign(PartnerAddress, concatenatewithcomma({PartnerAddress},{Address3}))"/>
						<value function="assign(PartnerAddress, concatenatewithcomma({PartnerAddress},{PostalCode}))"/>
						<value function="assign(PartnerAddress, concatenatewithcomma({PartnerAddress},{City}))"/>
						<value function="assign(PartnerAddress, concatenatewithcomma({PartnerAddress},{County}))"/>
						<value function="assign(PartnerAddress, concatenatewithcomma({PartnerAddress},{CountryCode}))"/>
					</queryDetail>
				</query>
			</calculation>
			
			<calculation id="MakeDetailWithLedger" returns="automatic" returnsFormat="internal">
				<query>
					<queryDetail>
						<value text="NO-SQL"/>
						<value function="assign(GiftDetails, {RecipientName})"/>
						<value function="assign(GiftDetails, concatenateww({GiftDetails}, {LedgerPartnerName}, 3))"/>
					</queryDetail>
				</query>
			</calculation>
			
			<calculation id="MakeDetailWithoutLedger" returns="automatic" returnsFormat="internal">
				<query>
					<queryDetail>
						<value text="NO-SQL"/>
						<value function="assign(GiftDetails, {RecipientName})"/>
					</queryDetail>
				</query>
			</calculation>
			
			<calculation id="MakeDetailFromMotivation" returns="automatic" returnsFormat="internal">
				<query>
					<queryDetail>
						<value text="NO-SQL"/>
						<value function="assign(GiftDetails, {a_motivation_detail_desc_local_c})"/>
					</queryDetail>
				</query>
			</calculation>
			
			<calculation id="Gift Recipient Key" 
					returnsFormat="partnerkey" returns="text">
				<caption><value text="Recipient Key"/></caption>
				<query>
					<queryDetail><value variable="RecipientKey"/>
					</queryDetail>                                          
				</query>
			</calculation>
			<calculation id="Gift Date" 
					returnsFormat="date" returns="text">
				<caption><value text="Gift Date"/></caption>
				<query>
					<queryDetail><value variable="GiftDate"/>
					</queryDetail>                                          
				</query>
			</calculation>
			<calculation id="Gift Details" 
					returnsFormat="text" returns="text">
				<caption><value text="Gift Details"/></caption>
				<query>
					<queryDetail><value variable="GiftDetails"/>
					</queryDetail>                                          
				</query>
			</calculation>
			<calculation id="DonorKey" 
					returnsFormat="partnerkey" returns="text">
				<caption><value text="DonorKey"/></caption>
				<query>
					<queryDetail><value variable="DonorKey"/>
					</queryDetail>                                          
				</query>
			</calculation>
			<calculation id="Partner Name" 
					returnsFormat="text" returns="text">
				<caption><value text="Partner Name"/></caption>
				<query>
					<queryDetail><value variable="ShortName"/>
					</queryDetail>                                          
				</query>
			</calculation>
			
			<calculation id="Gift Amount" 
					returnsFormat="currency" returns="amount">
				<caption><value text="Gift Amount"/></caption>
				<query>
					<queryDetail><value variable="GiftAmount"/>
					</queryDetail>                                          
				</query>
			</calculation>
			<calculation id="PartnerAddress" 
					returnsFormat="text" returns="text">
				<caption><value text="PartnerAddress"/></caption>
				<query>
					<queryDetail><value variable="PartnerAddress"/>
					</queryDetail>                                          
				</query>
			</calculation>
		</calculations>

		<levels>		
			<level name="main">
				<detail>
					<lowerLevelReport level="DonorLevel1"></lowerLevelReport>
				</detail>
			</level>
			
			<level name="DonorLevel1">
				<detail>
					<lowerLevelReport level="DonorLevel" calculation="Select Donors and Totals" ></lowerLevelReport>
				</detail>
				<footer space="above">
					<field whichfield="column {param_gift_amount_column}" pos="indented" line="above">
						<value function="getSumLowerReport({{lineId}}, {{param_gift_amount_column}})"/>
					</field>
				</footer>
			</level>
			
			<level name="DonorLevel">
				<header>
					<field whichfield="header 0" pos="0cm" width="2.5cm" calculation="GetPartnerBestAddress">
						<value variable="DonorKey" format="partnerkey"/>
					</field>
					<field whichfield="header 1" pos="2.5cm" width="15cm">
						<value variable="PartnerClass"/>
						<value text="     "/>
						<value variable="ShortName"/>
						<value text="  "/>
						<value variable="PartnerAddress"/>
					</field>
				</header>
				<detail>
					<lowerLevelReport level="Details" calculation="SelectGiftDetails">
					</lowerLevelReport>
				</detail>
				<footer>
					<field whichfield="column {param_gift_amount_column}" line="above">
						<value variable="TotalGiven"/>
					</field>
				</footer>
			</level>

			<level name="Details" identification="DonorKey">
				<detail>
					<switch>
						<case condition="not(eq({RecipientKey}, 0))">
							<switch>
								<case condition="not(eq({RecipientLedgerKey}, 0))">
									<field whichfield="columns" calculation="MakeDetailWithLedger" />
									<field whichfield="left 0" pos="0cm" width="0.8cm"/>
								</case>
								<case condition="eq({RecipientLedgerKey}, 0)">
									<field whichfield="columns" calculation="MakeDetailWithoutLedger" />
									<field whichfield="left 0" pos="0cm" width="0.8cm"/>
								</case>
							</switch>
						</case>
						<case condition="eq({RecipientKey}, 0)">
							<field whichfield="columns" calculation="MakeDetailFromMotivation" />
							<field whichfield="left 0" pos="0cm" width="0.8cm"/>
						</case>
					</switch>
				</detail>
			</level>
			
		</levels>
		
	</report><!-- Donor Report -->
	
</reports>