<?xml version="1.0" encoding="ISO-8859-1" ?>
<!DOCTYPE reports SYSTEM "../reports.dtd">
<reports>
	<report id="GiftsOverAmount">
		<description>
			
		</description>
		<reportparameters>
			<reportparameter name="param_ledger_number_i"/>
			<reportparameter name="param_currency"/>
			<reportparameter name="param_start_date"/>
			<reportparameter name="param_end_date"/> 
			<reportparameter name="param_minimum_amount"/>
			<reportparameter name="param_exclude_anonymous_donors"/> 
			<reportparameter name="param_exclude_no_solicitations"/> 
		</reportparameters>
		
		<reportheader/>
		<pageheader>
			<field whichfield="title1"><value text ="Gifts Over Minimum Amount Report" /></field>
			<field whichfield="title2"><value function="getLedgerName({{param_ledger_number_i}})"/></field>
			<field whichfield="descr1"><value text="Ledger "/><value variable="param_ledger_number_i"/>
				<value text="   "/><value function="getLedgerName({{param_ledger_number_i}})"/></field>
			
			<field whichfield="period1">
				<fielddetail>
					<value text="Period:  "/>
					<value variable="param_start_date" format="formatteddate"/>
					<value text=" To "/>
					<value variable="param_end_date" format="formatteddate"/>
				</fielddetail>
			</field>
			<field whichfield="period2">
				<value text="Minimum Amount: "/>
				<value variable="param_minimum_amount"/>
			</field>
			<field whichfield="period3">
				<fielddetail condition="eq({param_exclude_support_gifts}, true)">
					<value text="SUPPORT and PERSONAL Gifts excluded"/>
				</fielddetail>
			</field>
			<field whichfield="descr1">
				<value text="Sorted by: "></value>
				<value variable="param_sort_by"></value>
			</field>
			<field whichfield="descr2">
				<value text="Currency: "/>
				<value function="getCurrency({{param_ledger_number_i}}, {GLOBAL:param_currency})"/>
			</field>
		</pageheader>

		<calculations>
		
			<!-- Select Donors and Totals in a given period of time -->
			<calculation id="Select Donors"
					returns="DonorKey, ShortName, PartnerClass"
					returnsFormat="row">
				<query>
					<queryDetail>
						<value>
						SELECT 
							gift.p_donor_key_n AS DonorKey,
							PUB_p_partner.p_partner_short_name_c AS ShortName,
							PUB_p_partner.p_partner_class_c AS PartnerClass
						FROM
							 PUB_a_gift as gift, 
							 PUB_p_partner
						WHERE
								gift.a_date_entered_d BETWEEN {#param_start_date#} AND {#param_end_date#}
							AND gift.a_ledger_number_i = {{param_ledger_number_i}}
							AND PUB_p_partner.p_partner_key_n = gift.p_donor_key_n 
							
							AND EXISTS (SELECT * FROM PUB_a_gift_detail, PUB_a_motivation_detail
								WHERE PUB_a_gift_detail.a_ledger_number_i = gift.a_ledger_number_i
								AND PUB_a_gift_detail.a_batch_number_i = gift.a_batch_number_i
								AND PUB_a_gift_detail.a_gift_transaction_number_i = gift.a_gift_transaction_number_i
								AND PUB_a_motivation_detail.a_motivation_group_code_c = PUB_a_gift_detail.a_motivation_group_code_c
								AND PUB_a_motivation_detail.a_motivation_detail_code_c = PUB_a_gift_detail.a_motivation_detail_code_c
								AND PUB_a_motivation_detail.a_ledger_number_i = {{param_ledger_number_i}}
								AND PUB_a_motivation_detail.a_receipt_l = 1)
						 </value>
					</queryDetail>
					<queryDetail condition="eq({param_exclude_anonymous_donors}, true)">
						<value>
							AND PUB_p_partner.p_anonymous_donor_l = 0
						 </value>
					</queryDetail>
					<queryDetail condition="eq({param_exclude_no_solicitations}, true)">
						<value>
							AND PUB_p_partner.p_no_solicitations_l = 0
						 </value>
					</queryDetail>
					<queryDetail>
						<value>
							AND ABS((SELECT
						 </value>
					</queryDetail>
					<queryDetail condition="eq({param_currency}, Base)">
						<value>
								SUM(gd.a_gift_amount_n)
						 </value>
					</queryDetail>
					<queryDetail condition="eq({param_currency}, International)">
						<value>
								SUM(gd.a_gift_amount_intl_n)
						 </value>
					</queryDetail>
					<queryDetail>
						<value>
								FROM PUB_a_gift_detail AS gd
								WHERE gd.a_ledger_number_i =  {{param_ledger_number_i}}
								AND gd.a_batch_number_i = gift.a_batch_number_i
								AND gd.a_gift_transaction_number_i = gift.a_gift_transaction_number_i
						</value>
					</queryDetail>
					<queryDetail condition="eq({param_exclude_support_gifts}, true)">
						<value>
								AND ((UPPER(gd.a_motivation_group_code_c) = 'GIFT'
								AND UPPER(gd.a_motivation_detail_code_c) != 'SUPPORT')
								OR UPPER(gd.a_motivation_group_code_c) != 'GIFT')
						 </value>
					</queryDetail>
					<queryDetail>
						<value>
								GROUP BY gd.a_gift_transaction_number_i)) &gt;= {{param_minimum_amount}}

							GROUP BY gift.p_donor_key_n, PUB_p_partner.p_partner_short_name_c, PUB_p_partner.p_partner_class_c
						</value>
					</queryDetail>
					<!-- TODO
					/* for Germany, exclude donors 99000000 and 27002909 (SHKI and anonymous UNBEKANNT) */
					AND (NOT ((a_ledger.a_ledger_number_i = 27 OR a_ledger.a_ledger_number_i = 90 OR a_ledger.a_ledger_number_i = 99) 
					AND (a_gift.p_donor_key_n = 99000000 OR a_gift.p_donor_key_n = 27002909)))
					-->
					<queryDetail condition="eq({param_sort_by},Donor Key)">
						<value>
							ORDER BY gift.p_donor_key_n
						</value>
					</queryDetail>
					<queryDetail condition="eq({param_sort_by},Donor Name)">
						<value>
							ORDER BY PUB_p_partner.p_partner_short_name_c
						</value>
					</queryDetail>
					<queryDetail condition="eq({param_sort_by},Gift Amount)">
						<value>
							ORDER BY Amount
						</value>
					</queryDetail>
				</query>
			</calculation>

			<calculation id="SelectGiftDetails" returns="automatic" returnsFormat="row">
				<query>
					<queryDetail>
						<value>
						SELECT 
							PUB_p_partner.p_partner_short_name_c AS RecipientName,
							PUB_a_gift.a_date_entered_d AS GiftDate,
							PUB_a_gift_detail.p_recipient_key_n AS RecipientKey,
							PUB_a_gift_detail.a_confidential_gift_flag_l,
							
							PUB_a_gift_detail.a_motivation_detail_code_c AS MotivationDetail,
							PUB_a_motivation_group.a_motivation_group_description_c,
							PUB_a_motivation_detail.a_motivation_detail_desc_c,
						 </value>
					</queryDetail>
					<queryDetail condition="eq({param_currency}, Base)">
						<value>
							PUB_a_gift_detail.a_gift_amount_n AS GiftAmount
						 </value>
					</queryDetail>
					<queryDetail condition="eq({param_currency}, International)">
						<value>
							PUB_a_gift_detail.a_gift_amount_intl_n AS GiftAmount
						 </value>
					</queryDetail>
					<queryDetail>
						<value>
						FROM
							PUB_p_partner,
							PUB_a_motivation_detail,
							PUB_a_gift,
							PUB_a_gift_detail,
							PUB_a_motivation_group
						WHERE
								PUB_p_partner.p_partner_key_n = PUB_a_gift_detail.p_recipient_key_n
							
							AND PUB_a_motivation_detail.a_motivation_group_code_c = PUB_a_gift_detail.a_motivation_group_code_c
							AND PUB_a_motivation_detail.a_motivation_detail_code_c = PUB_a_gift_detail.a_motivation_detail_code_c
							AND PUB_a_motivation_group.a_motivation_group_code_c = PUB_a_gift_detail.a_motivation_group_code_c
							
							AND PUB_a_motivation_detail.a_receipt_l = 1
							AND PUB_a_gift.p_donor_key_n = {DonorKey}
							
							AND PUB_a_gift_detail.a_batch_number_i = PUB_a_gift.a_batch_number_i
							AND PUB_a_gift_detail.a_gift_transaction_number_i = PUB_a_gift.a_gift_transaction_number_i
							AND PUB_a_gift.a_date_entered_d BETWEEN {#param_start_date#} AND {#param_end_date#}
							
							AND PUB_a_motivation_detail.a_ledger_number_i = {{param_ledger_number_i}}
							AND PUB_a_motivation_group.a_ledger_number_i = {{param_ledger_number_i}}
						 </value>
					</queryDetail>
					<queryDetail condition="eq({param_exclude_support_gifts}, true)">
						<value>
							AND ((UPPER(PUB_a_gift_detail.a_motivation_group_code_c) = 'GIFT'
							AND UPPER(PUB_a_gift_detail.a_motivation_detail_code_c) != 'SUPPORT')
							OR UPPER(PUB_a_gift_detail.a_motivation_group_code_c) != 'GIFT')
						 </value>
					</queryDetail>
					<queryDetail>
						<value>
							AND PUB_a_gift_detail.a_ledger_number_i =  {{param_ledger_number_i}}
							AND PUB_a_gift.a_ledger_number_i =  {{param_ledger_number_i}}
							
							AND ABS((SELECT
						 </value>
					</queryDetail>
					<queryDetail condition="eq({param_currency}, Base)">
						<value>
							SUM(gd.a_gift_amount_n)
						 </value>
					</queryDetail>
					<queryDetail condition="eq({param_currency}, International)">
						<value>
							SUM(gd.a_gift_amount_intl_n)
						 </value>
					</queryDetail>
					<queryDetail>
						<value>
							FROM PUB_a_gift_detail as gd
								WHERE gd.a_ledger_number_i =  {{param_ledger_number_i}}
								AND gd.a_batch_number_i = PUB_a_gift.a_batch_number_i
								AND gd.a_gift_transaction_number_i = PUB_a_gift.a_gift_transaction_number_i
						 </value>
					</queryDetail>
					<queryDetail condition="eq({param_exclude_support_gifts}, true)">
						<value>
								AND ((UPPER(gd.a_motivation_group_code_c) = 'GIFT'
								AND UPPER(gd.a_motivation_detail_code_c) != 'SUPPORT')
								OR UPPER(gd.a_motivation_group_code_c) != 'GIFT')
						 </value>
					</queryDetail>
					<queryDetail>
						<value>
								GROUP BY gd.a_gift_transaction_number_i)) &gt;= {{param_minimum_amount}}
						</value>
					</queryDetail>
				</query>
			</calculation>
			
			<calculation id="GetPartnerBestAddress"
					returns="automatic"
					returnsFormat="internal">
				<query>
					<queryDetail>
						<value text="NO-SQL"/>
						<value function="GetPartnerBestAddress({DonorKey})"/>
						<value function="assign(PartnerAddress,  )"/>
						<value function="assign(PartnerAddress, concatenateww({PartnerAddress}, {Locality}, 2))"/>
						<value function="assign(PartnerAddress, concatenatewithcomma({PartnerAddress},{StreetName}))"/>
						<value function="assign(PartnerAddress, concatenatewithcomma({PartnerAddress},{Address3}))"/>
						<value function="assign(PartnerAddress, concatenatewithcomma({PartnerAddress},{PostalCode}))"/>
						<value function="assign(PartnerAddress, concatenatewithcomma({PartnerAddress},{City}))"/>
						<value function="assign(PartnerAddress, concatenatewithcomma({PartnerAddress},{County}))"/>
						<value function="assign(PartnerAddress, concatenatewithcomma({PartnerAddress},{CountryCode}))"/>
					</queryDetail>
				</query>
			</calculation>
			
			<calculation id="MakeDetailWithPartner" returns="automatic" returnsFormat="internal">
				<query>
					<queryDetail>
						<value text="NO-SQL"/>
						<value function="assign(GiftRecipient, {RecipientKey})"/>
						<value function="assign(GiftRecipient, concatenateww({GiftRecipient}, {RecipientName}, 1))"/>
						<value function="assign(TotalGifts, {GiftAmount})"/>
					</queryDetail>
					<queryDetail condition="eq({a_confidential_gift_flag_l}, true)">
						<value function="assign(TotalGifts, CONFIDENTIAL)"/>
					</queryDetail>
				</query>
			</calculation>
			
			<calculation id="MakeDetailWithMotivation" returns="automatic" returnsFormat="internal">
				<query>
					<queryDetail>
						<value text="NO-SQL"/>
						<value function="assign(GiftRecipient, {a_motivation_group_description_c})"/>
						<value function="assign(GiftRecipient, concatenate({GiftRecipient}, -))"/>
						<value function="assign(GiftRecipient, concatenateww({GiftRecipient}, {a_motivation_detail_desc_c}, 1))"/>
						<value function="assign(TotalGifts, {GiftAmount})"/>
					</queryDetail>
					<queryDetail condition="eq({a_confidential_gift_flag_l}, true)">
						<value function="assign(TotalGifts, CONFIDENTIAL)"/>
					</queryDetail>
				</query>
			</calculation>
			
			<calculation id="Gift Recipient Key" 
					returnsFormat="partnerkey" returns="text">
				<caption><value text="Recipient Key"/></caption>
				<query>
					<queryDetail><value variable="RecipientKey"/>
					</queryDetail>                                          
				</query>
			</calculation>
			<calculation id="Gift Date" 
					returnsFormat="date" returns="text">
				<caption><value text="Gift Date"/></caption>
				<query>
					<queryDetail><value variable="GiftDate"/>
					</queryDetail>                                          
				</query>
			</calculation>
			<calculation id="Gift Recipient" 
					returnsFormat="text" returns="text">
				<caption><value text="Gift Recipient"/></caption>
				<query>
					<queryDetail><value variable="GiftRecipient"/>
					</queryDetail>                                          
				</query>
			</calculation>
			<calculation id="Motivation Detail" 
					returnsFormat="text" returns="text">
				<caption><value text="Motivation Detail"/></caption>
				<query>
					<queryDetail><value variable="MotivationDetail"/>
					</queryDetail>                                          
				</query>
			</calculation>
			<calculation id="DonorKey" 
					returnsFormat="partnerkey" returns="text">
				<caption><value text="DonorKey"/></caption>
				<query>
					<queryDetail><value variable="DonorKey"/>
					</queryDetail>                                          
				</query>
			</calculation>
			<calculation id="Partner Name" 
					returnsFormat="text" returns="text">
				<caption><value text="Partner Name"/></caption>
				<query>
					<queryDetail><value variable="ShortName"/>
					</queryDetail>                                          
				</query>
			</calculation>
			<calculation id="Total Gifts" 
					returnsFormat="currency" returns="amount">
				<caption><value text="Total Gifts"/></caption>
				<query>
					<queryDetail><value variable="TotalGifts"/>
					</queryDetail>                                          
				</query>
			</calculation>
			<calculation id="PartnerAddress" 
					returnsFormat="text" returns="text">
				<caption><value text="PartnerAddress"/></caption>
				<query>
					<queryDetail><value variable="PartnerAddress"/>
					</queryDetail>                                          
				</query>
			</calculation>
		</calculations>

		<levels>		
			<level name="main">
				<detail>
					<lowerLevelReport level="DonorLevel1" ></lowerLevelReport>
				</detail>
			</level>
			
			<level name="DonorLevel1">
				<detail>
					<lowerLevelReport level="DonorLevel" calculation="Select Donors"></lowerLevelReport>
				</detail>
				<footer space="above">
					<field whichfield="column {param_gift_amount_column}" pos="indented" line="above">
						<value function="getSumLower2Report({{lineId}}, {{param_gift_amount_column}})"/>
					</field>
				</footer>
			</level>
				
			<level name="DonorLevel">
				<header>
					<field whichfield="header 0" pos="0cm" width="2.5cm" calculation="GetPartnerBestAddress">
						<value variable="DonorKey" format="partnerkey"/>
					</field>
					<field whichfield="header 1" pos="2.5cm" width="15cm">
						<value variable="PartnerClass"/>
						<value text="     "/>
						<value variable="ShortName"/>
						<value text="  "/>
						<value variable="PartnerAddress"/>
					</field>
				</header>
				<detail>
					<lowerLevelReport level="Details" calculation="SelectGiftDetails">
					</lowerLevelReport>
				</detail>
				<footer>
					<field whichfield="column {param_gift_amount_column}" line="above">
						<value function="getSumLowerReport({{lineId}}, {{param_gift_amount_column}})"/>
					</field>
				</footer>
			</level>

			<level name="Details" identification="DonorKey">
				<detail>
					<switch>
						<case condition="not(eq({RecipientKey}, 0))">
							<field whichfield="columns" calculation="MakeDetailWithPartner" />
							<field whichfield="left 0" pos="0cm" width="0.8cm"/>
						</case>
						<case condition="eq({RecipientKey}, 0)">
							<field whichfield="columns" calculation="MakeDetailWithMotivation" />
							<field whichfield="left 0" pos="0cm" width="0.8cm"/>
						</case>
					</switch>
				</detail>
			</level>
			
		</levels>
		
	</report><!-- Donor Report -->
	
</reports>