<?xml version="1.0" encoding="ISO-8859-1" ?>
<!DOCTYPE reports SYSTEM "../reports.dtd">
<reports>
	<report id="TotalGiftsPerDonor">
		<description>
			This report is used in Denmark for legal reasons, to report on the total amount of gifts of danish residents.

			This report should display:
			first name, surname, address 2, post number, city, total given in the period of time
			
			limit the search to people living in a given country (or * for all)
			limit to a given date range/period range?
			
			only consider gifts with receipt flag set in the motivation
			only consider posted gifts
			
			uses "DetermineBestAddress" from Ict.Petra.Shared.MPartner.Calculations
			implementation:
			Select all partners and the total amount of their donations in the given date range;
			then find the best address, make that part of the condition to display the donor or not

			todo: take batch currency into consideration?			
			
		</description>
		<reportparameters>
			<reportparameter name="param_ledger_number_i"/>
			<reportparameter name="param_year_i"/>
			<reportparameter name="param_quarter"/>
			<reportparameter name="param_start_period_i"/>
			<reportparameter name="param_end_period_i"/>
			<reportparameter name="param_start_period_i"/>
			<reportparameter name="param_end_period_i"/>
			<reportparameter name="param_start_date"/> <!-- set by getQuarterOrPeriod if param_start_period_i is set -->
			<reportparameter name="param_end_date"/> <!-- set by getQuarterOrPeriod if param_start_period_i is set -->

			<reportparameter name="param_country_code"/>
		</reportparameters>
		
		<reportheader/>
		<pageheader>
			<field whichfield="title1"><value text ="Total Gifts per Donor" /></field>
			<field whichfield="title2"><value function="getLedgerName({{param_ledger_number_i}})"/></field>
			<field whichfield="descr1"><value text="Ledger "/><value variable="param_ledger_number_i"/>
				<value text="   "/><value function="getLedgerName({{param_ledger_number_i}})"/></field>
			
			<field whichfield="period1">
				<fielddetail>
					<value text="Period:  "/>
					<value variable="param_start_date" format="formatteddate"/>
					<value text=" To "/>
					<value variable="param_end_date" format="formatteddate"/>
				</fielddetail>
				<fielddetail condition="eq({param_period}, true)">
					<value text = "   (" />
					<value variable="param_start_period_i"/>
					<value text=" To "/>
					<value variable="param_end_period_i"/>
					<value text = ")    (" />
					<value function="getStatePeriod({{param_ledger_number_i}}, {{param_year_i}}, {{param_end_period_i}})"/>
					<value text = ")" />
				</fielddetail>
			</field>
		</pageheader>

		<calculations>
		
			<!-- Select Donors and Totals in a given period of time -->
			<calculation id="Select Donors and Totals"
					returns="DonorKey, TotalGiven"
					returnsFormat="row">
				<query>
					<queryDetail><value>
					SELECT 
						gift.p_donor_key_n AS DonorKey,
						SUM(detail.a_gift_amount_n) AS TotalGiven
					FROM PUB_a_gift_batch as batch, 
						 PUB_a_gift as gift, 
						 PUB_a_gift_detail as detail,
 						 PUB_a_motivation_detail AS motivation
					WHERE batch.a_ledger_number_i = gift.a_ledger_number_i
					AND batch.a_batch_number_i = gift.a_batch_number_i
					AND detail.a_ledger_number_i = gift.a_ledger_number_i
					AND detail.a_batch_number_i = gift.a_batch_number_i
					AND detail.a_gift_transaction_number_i = gift.a_gift_transaction_number_i
					AND motivation.a_ledger_number_i = detail.a_ledger_number_i
					AND motivation.a_motivation_group_code_c = detail.a_motivation_group_code_c
					AND motivation.a_motivation_detail_code_c = detail.a_motivation_detail_code_c
					AND motivation.a_receipt_l = TRUE
					AND batch.a_gl_effective_date_d BETWEEN {#param_start_date#} AND {#param_end_date#}
					AND batch.a_ledger_number_i = {{param_ledger_number_i}}
					AND batch.a_batch_status_c = 'Posted'
					GROUP BY gift.p_donor_key_n
					</value></queryDetail>
				</query>
			</calculation>

			<calculation id="GetPartnerBestAddress"
					returns="Firstname, Familyname, Address3, PostCode, City, CountryCode"
					returnsFormat="internal">
				<query>
					<queryDetail><value function="and(GetPartnerBestAddress({DonorKey}),ConditionRow(and(or(eq({CountryCode},{param_country_code}),eq({param_country_code},*)),gt({TotalGiven},0)))"/>
					</queryDetail>
				</query>
			</calculation>

			<calculation id="DonorKey" 
					returnsFormat="partnerkey" returns="text">
				<caption><value text="DonorKey"/></caption>
				<query>
					<queryDetail><value variable="DonorKey"/>
					</queryDetail>                                          
				</query>
			</calculation>
			<calculation id="Firstname" 
					returnsFormat="text" returns="text">
				<caption><value text="Firstname"/></caption>
				<query>
					<queryDetail><value variable="Firstname"/>
					</queryDetail>                                          
				</query>
			</calculation>
			<calculation id="Surname" 
					returnsFormat="text" returns="text">
				<caption><value text="Surname"/></caption>
				<query>
					<queryDetail><value variable="Familyname"/>
					</queryDetail>                                          
				</query>
			</calculation>
			<calculation id="Address line 1" 
					returnsFormat="text" returns="text">
				<caption><value text="Address1"/></caption>
				<query>
					<queryDetail><value variable="Locality"/>
					</queryDetail>                                          
				</query>
			</calculation>
			<calculation id="Street" 
					returnsFormat="text" returns="text">
				<caption><value text="StreetName"/></caption>
				<query>
					<queryDetail><value variable="StreetName"/>
					</queryDetail>                                          
				</query>
			</calculation>
			<calculation id="Address line 3" 
					returnsFormat="text" returns="text">
				<caption><value text="Address3"/></caption>
				<query>
					<queryDetail><value variable="Address3"/>
					</queryDetail>                                          
				</query>
			</calculation>
			<calculation id="Post Code" 
					returnsFormat="text" returns="text">
				<caption><value text="Post Code"/></caption>
				<query>
					<queryDetail><value variable="PostalCode"/>
					</queryDetail>                                          
				</query>
			</calculation>
			<calculation id="City" 
					returnsFormat="text" returns="text">
				<caption><value text="City"/></caption>
				<query>
					<queryDetail><value variable="City"/>
					</queryDetail>                                          
				</query>
			</calculation>
			<calculation id="County" 
					returnsFormat="text" returns="text">
				<caption><value text="County"/></caption>
				<query>
					<queryDetail><value variable="County"/>
					</queryDetail>                                          
				</query>
			</calculation>
			<calculation id="Country" 
					returnsFormat="text" returns="text">
				<caption><value text="Country"/></caption>
				<query>
					<queryDetail><value variable="CountryCode"/>
					</queryDetail>                                          
				</query>
			</calculation>
			<calculation id="Primary Phone" 
					returnsFormat="text" returns="text">
				<caption><value text="Primary Phone"/></caption>
				<query>
					<queryDetail><value variable="TelephoneNumber"/>
					</queryDetail>                                          
				</query>
			</calculation>
			<calculation id="Alternate Phone" 
					returnsFormat="text" returns="text">
				<caption><value text="AlternatePhone"/></caption>
				<query>
					<queryDetail><value variable="AlternatePhone"/>
					</queryDetail>                                          
				</query>
			</calculation>
			<calculation id="Fax Number" 
					returnsFormat="text" returns="text">
				<caption><value text="FaxNumber"/></caption>
				<query>
					<queryDetail><value variable="FaxNumber"/>
					</queryDetail>                                          
				</query>
			</calculation>
			<calculation id="Mobile Number" 
					returnsFormat="text" returns="text">
				<caption><value text="MobileNumber"/></caption>
				<query>
					<queryDetail><value variable="MobileNumber"/>
					</queryDetail>                                          
				</query>
			</calculation>
			<calculation id="Primary E-Mail" 
					returnsFormat="text" returns="text">
				<caption><value text="Primary E-Mail"/></caption>
				<query>
					<queryDetail><value variable="EmailAddress"/>
					</queryDetail>                                          
				</query>
			</calculation>
			<calculation id="Total Given" 
					returnsFormat="currency" returns="amount">
				<caption><value text="TotalGiven"/></caption>
				<query>
					<queryDetail><value variable="TotalGiven"/>
					</queryDetail>                                          
				</query>
			</calculation>
		</calculations>

		<levels>		
		
			<!-- required: the main report level -->
			<level name="main">
				<detail>
					<lowerLevelReport level="Donors" calculation="Select Donors and Totals">
					</lowerLevelReport>
				</detail>
			</level> <!-- main -->

			<level name="Donors" identification="DonorKey">
				<detail>
					<field whichfield="columns" calculation="GetPartnerBestAddress"></field>
				</detail>
			</level>

		</levels>
	</report><!-- Gift Transactions -->
	
</reports>