<?xml version="1.0"?>
<Parameters>
  <Parameter id="systemsettings" value="eBoolean:true" />
  <Parameter id="xmlfiles" value="eString:Finance\\donorgiftstatement.xml,Finance\\finance.xml,common.xml" />
  <Parameter id="currentReport" value="eString:DonorGiftStatement" />
  <Parameter id="MaxDisplayColumns" value="eInteger:9" />
  <Parameter id="param_report_type" value="eString:Total" />
  <Parameter id="param_donor" value="eString:One Donor" />
  <Parameter id="param_min_amount" value="eInteger:0" />
  <Parameter id="param_max_amount" value="eInteger:999999999" />
  <Parameter id="param_currency" value="eString:Base" />
  <Parameter id="param_calculation" column="0" value="eString:Month" />
  <Parameter id="ColumnWidth" column="0" value="eInteger:3" />
  <Parameter id="param_ytd" column="0" value="eString:false" />
  <Parameter id="param_calculation" column="1" value="eString:Year-0" />
  <Parameter id="ColumnWidth" column="1" value="eInteger:2" />
  <Parameter id="param_ytd" column="1" value="eString:false" />
  <Parameter id="param_calculation" column="2" value="eString:Count-0" />
  <Parameter id="ColumnWidth" column="2" value="eDecimal:4605380978949069210" />
  <Parameter id="param_ytd" column="2" value="eString:false" />
  <Parameter id="param_calculation" column="3" value="eString:Year-1" />
  <Parameter id="ColumnWidth" column="3" value="eInteger:2" />
  <Parameter id="param_ytd" column="3" value="eString:false" />
  <Parameter id="param_calculation" column="4" value="eString:Count-1" />
  <Parameter id="ColumnWidth" column="4" value="eDecimal:4605380978949069210" />
  <Parameter id="param_ytd" column="4" value="eString:false" />
  <Parameter id="param_currency_format" value="eString:CurrencyComplete" />
  <Parameter id="param_donorkey" value="eInteger:0" />
  <Parameter id="param_extract_name" value="eString:" />
  <Parameter id="Month0" value="eInteger:1" />
  <Parameter id="Month1" value="eInteger:2" />
  <Parameter id="param_calculation" column="5" value="eString:Year-2" />
  <Parameter id="ColumnWidth" column="5" value="eInteger:2" />
  <Parameter id="param_calculation" column="6" value="eString:Count-2" />
  <Parameter id="ColumnWidth" column="6" value="eDecimal:4605380978949069210" />
  <Parameter id="param_calculation" column="7" value="eString:Year-3" />
  <Parameter id="ColumnWidth" column="7" value="eInteger:2" />
  <Parameter id="param_calculation" column="8" value="eString:Count-3" />
  <Parameter id="ColumnWidth" column="8" value="eDecimal:4605380978949069210" />
  <Parameter id="param_order_by_name" value="eString:PartnerKey" />
</Parameters>