<?xml version="1.0" encoding="UTF-8"?>
<!DOCTYPE reports SYSTEM "../reports.dtd" >
<reports>

	<report id="Attendance Summary Report">
		<description>
			Report for Attendance Listing
		</description>
		<reportparameters>
			<reportparameter name="param_dtpStartDate"></reportparameter>
			<reportparameter name="param_dtpEndDate"></reportparameter>
			<reportparameter name="param_dtpFromDate"></reportparameter>
			<reportparameter name="param_dtpToDate"></reportparameter>
		</reportparameters>

		<reportheader></reportheader>
		
		<pageheader>
			<field whichfield="title1">
				<value text=" Attendance Listing"></value>
			</field>
			<field whichfield="title2"><value function="getSiteName()"></value></field>
			<field whichfield="descr1">
				<fielddetail>
					<switch>
						<case condition="eq({param_conferenceselection}, one conference)">
							<value text="Conference Start Date: "></value>
							<value variable="param_dtpStartDate"></value>
							<value text=" End Date: "></value>
							<value variable="param_dtpEndate"></value>
						</case>
						<default>
							<value text="Selected Date: "></value>
							<value variable="param_dtpFromDate"></value>
							<value text=" - "></value>
							<value variable="param_dtpToDate"></value>
						</default>
					</switch>
				</fielddetail>
			</field>
			<field whichfield="descr2">
				<fielddetail>
					<value text="Selection: "></value>
				</fielddetail>
				<fielddetail condition="eq({param_attendeeselection}, one attendee)">
					<value text="Partner: "></value><value variable="param_partnerkey"></value>
				</fielddetail>
				<fielddetail condition="eq({param_attendeeselection}, all attendees)">
					<value text="All Attendees"></value>
				</fielddetail>
				<fielddetail condition="eq({param_attendeeselection}, from extract)">
					<value text="Extract: "></value><value variable="param_extractname"></value>
				</fielddetail>
			  </field>
			<field whichfield="period1">
				<fielddetail>
					<switch>
						<case condition="eq({param_conferenceselection}, one conference)">
							<value text="Selected Conference: "></value>
							<value variable="param_conferencename"></value>
						</case>
					</switch>
				</fielddetail>
				<fielddetail>
					<switch>
						<case condition="eq({param_conferenceselection}, all conferences)">
							<value text="All Conferences selected"></value>
						</case>
					</switch>
				</fielddetail>
			</field>
			<field whichfield="period2">
				<fielddetail>
					<switch><case condition="eq({param_conferenceselection}, one conference)">
						<value text="Selected Outreach Options: "></value>
						<value variable="param_conferenceoptionscode"></value>
					</case></switch>
				</fielddetail>
			</field>
		</pageheader>

		<calculations>
			<calculation id="Select Attendees" returns="automatic" returnsFormat="row">
				<query>
					<queryDetail><value>
						SELECT DISTINCT
							PUB_p_person.p_partner_key_n AS AttendeeKey,
							PUB_p_person.p_date_of_birth_d AS BirthDay,
							
							PUB_pc_conference.pc_start_d AS StartDate,
							PUB_pc_conference.pc_end_d AS EndDate,
							
							PUB_pm_short_term_application.pm_st_confirmed_option_n AS ConferenceKey,
							PUB_pm_short_term_application.pm_arrival_d AS ArrivalDate,
							PUB_pm_short_term_application.pm_departure_d AS DepartureDate,
							
							PUB_pc_attendee.pc_actual_arr_d AS ActualArrivingDate,
							PUB_pc_attendee.pc_actual_dep_d AS ActualDepartureDate
							
						FROM   
							PUB_p_person,
							PUB_pc_attendee,
							PUB_pc_conference,
							PUB_pm_general_application,
							PUB_pm_short_term_application
					</value></queryDetail>
					<queryDetail condition="eq({param_attendeeselection}, one attendee)"><value>
						WHERE 
							PUB_pc_attendee.p_partner_key_n  = {{param_partnerkey}}
							AND
					</value></queryDetail>
					<queryDetail condition="eq({param_attendeeselection}, all attendees)"><value>
						WHERE 
					</value></queryDetail>
					<queryDetail condition="eq({param_attendeeselection}, from extract)"><value>
							, PUB_m_extract, PUB_m_extract_master
						WHERE
							 PUB_p_person.p_partner_key_n = PUB_m_extract.p_partner_key_n
							AND PUB_m_extract.m_extract_id_i = PUB_m_extract_master.m_extract_id_i
							AND PUB_m_extract_master.m_extract_name_c = {param_extractname}
							AND
					</value></queryDetail>
					<queryDetail><value>
							PUB_p_person.p_partner_key_n = PUB_pc_attendee.p_partner_key_n
					</value></queryDetail>
					
					<queryDetail condition="eq({param_conferenceselection}, one conference)"><value>
							AND PUB_pc_conference.pc_conference_key_n = {{param_conferencekey}}
							AND PUB_pc_attendee.pc_conference_key_n = {{param_conferencekey}}
							AND
					</value></queryDetail>
					<queryDetail condition="eq({param_conferenceselection}, one conference)">
							<value function="csv" text="PUB_pm_short_term_application.pm_st_confirmed_option_n" 
									variable="param_conferenceoptions" calculation="OR" format="Number">
							</value>
					</queryDetail>
					
					<queryDetail condition="eq({param_conferenceselection}, all conferences))"><value>
							AND PUB_pc_attendee.pc_conference_key_n = PUB_pc_conference.pc_conference_key_n
							AND PUB_pc_conference.pc_outreach_prefix_c = substr(PUB_pm_short_term_application.pm_confirmed_option_code_c, 1, 5) 
					</value></queryDetail>
					
					<queryDetail><value>
							AND PUB_pm_short_term_application.p_partner_key_n = PUB_pc_attendee.p_partner_key_n
							AND PUB_pm_general_application.pm_application_key_i = PUB_pm_short_term_application.pm_application_key_i
							AND PUB_pm_general_application.pm_registration_office_n = PUB_pm_short_term_application.pm_registration_office_n
							AND NOT pm_general_application.pm_gen_app_delete_flag_l = 1
							AND ( 	PUB_pm_general_application.pm_gen_application_status_c LIKE 'A%'
									OR 
									PUB_pm_general_application.pm_gen_application_status_c LIKE 'H%' )
					</value></queryDetail>
				</query>
			</calculation> <!-- Select Attendee -->
			
			<calculation id="CalculateSingleAttendance" returns="text" returnsFormat="internal">
				<query>
					<queryDetail>
						<value text="NO-SQL"/>
						<value function="CalculateSingleAttendance({ConferenceKey}, {AttendeeKey}, {BirthDay}, 
							{ArrivalDate}, {DepartureDate}, {ActualArrivingDate}, {ActualDepartureDate}, {StartDate}, {EndDate})"/>
					</queryDetail>
				</query>
			</calculation>
			
			<calculation id="ClearAttendanceTable" returns="text" returnsFormat="internal">
				<query>
					<queryDetail>
						<value text="NO-SQL"/>
						<value function="ClearAttendanceTable({param_dtpFromDate}, {param_dtpToDate})"/>
					</queryDetail>
				</query>
			</calculation>
			
			<calculation id="FinishAttendanceTable" returns="text" returnsFormat="internal">
				<query>
					<queryDetail>
						<value text="NO-SQL"/>
						<value function="FinishAttendanceTable()"/>
					</queryDetail>
				</query>
			</calculation>
			
			<calculation align="left" id="Date" returns="text" returnsFormat="text">
				<caption><value text="Date"></value></caption>
				<query>
					<queryDetail>
						<value variable="Date"></value>
					</queryDetail>
				</query>
			</calculation>
			
			<calculation align="left" id="Total" returns="text" returnsFormat="text">
				<caption><value text="Total    comprising:"></value></caption>
				<query>
					<queryDetail>
						<value variable="Total"></value>
					</queryDetail>
				</query>
			</calculation>
			
			<calculation align="left" id="Actual" returns="text" returnsFormat="text">
				<caption><value text="Actual"></value></caption>
				<query>
					<queryDetail>
						<value variable="Actual"></value>
					</queryDetail>
				</query>
			</calculation>
			
			<calculation align="left" id="Expected" returns="text" returnsFormat="text">
				<caption><value text="Expected"></value></caption>
				<query>
					<queryDetail>
						<value variable="Expected"></value>
					</queryDetail>
				</query>
			</calculation>
			
			<calculation align="left" id="Children" returns="text" returnsFormat="text">
				<caption><value text="Children"></value></caption>
				<query>
					<queryDetail>
						<value variable="Children"></value>
					</queryDetail>
				</query>
			</calculation>
			
		</calculations>
    
		<levels> 
			
			<level name="main">
				<detail>
					<lowerLevelReport level="main2"/>
				</detail>
			</level>
			
			<level name="main2">
				<detail>
					<!-- Use this dummy level to clear any results from any previous accommodation reports -->
					<lowerLevelReport calculation="ClearAttendanceTable" level="Dummy Level"></lowerLevelReport>
					<lowerLevelReport calculation="Select Attendees" level="Attendance Level"></lowerLevelReport>
					<!-- Use this dummy level to transfer the calculated values to the report results -->
					<lowerLevelReport calculation="FinishAttendanceTable" level="Dummy Level"></lowerLevelReport>
				</detail>
			</level> 

			<level name="Dummy Level">
				<detail>
				</detail>
			</level>
			
			<level name="Attendance Level">
				<header>
					<field whichfield="left 0" calculation="CalculateSingleAttendance"/>
				</header>
				<detail>
				</detail>
			</level>
			
		</levels>
	</report>
</reports>
