<?xml version="1.0"?>
<Parameters>
  <Parameter id="systemsettings" value="eBoolean:true" />
  <Parameter id="xmlfiles" value="eString:FinancialDevelopment\\incomelocalsplit.xml,common.xml" />
  <Parameter id="currentReport" value="eString:IncomeLocalSplit" />
  <Parameter id="MaxDisplayColumns" value="eInteger:4" />
  <Parameter id="param_diff_period_i" value="eInteger:0" />
  <Parameter id="param_account_hierarchy_c" value="eString:STANDARD" />
  <Parameter id="param_currency" value="eString:base" />
  <Parameter id="param_quarter" value="eString:false" />
  <Parameter id="param_period" value="eString:true" />
  <Parameter id="param_date_checked" value="eString:false" />
  <Parameter id="param_orderby" value="eString:account" />
  <Parameter id="param_currency_format" value="eString:CurrencyWithoutDecimals" />
  <Parameter id="param_ytd" value="eString:mixed" />
  <Parameter id="param_depth" value="eString:standard" />
  <Parameter id="param_calculation" column="0" value="eString:Amount" />
  <Parameter id="param_ytd" column="0" value="eString:false" />
  <Parameter id="ColumnWidth" column="0" value="eInteger:2" />
  <Parameter id="ColumnPositionIndented" column="0" value="eDecimal:4602678819172646912" />
  <Parameter id="param_calculation" column="1" value="eString:% of Grand Income" />
  <Parameter id="FirstColumn" column="1" value="eInteger:0" />
  <Parameter id="param_ytd" column="1" value="eString:false" />
  <Parameter id="ColumnWidth" column="1" value="eInteger:2" />
  <Parameter id="ColumnPositionIndented" column="1" value="eDecimal:4602678819172646912" />
  <Parameter id="param_calculation" column="2" value="eString:AmountYTD" />
  <Parameter id="param_ytd" column="2" value="eString:true" />
  <Parameter id="ColumnWidth" column="2" value="eInteger:2" />
  <Parameter id="ColumnPositionIndented" column="2" value="eDecimal:4602678819172646912" />
  <Parameter id="param_calculation" column="3" value="eString:% of Grand Income" />
  <Parameter id="FirstColumn" column="3" value="eInteger:2" />
  <Parameter id="param_ytd" column="3" value="eString:true" />
  <Parameter id="ColumnWidth" column="3" value="eInteger:2" />
  <Parameter id="ColumnPositionIndented" column="3" value="eDecimal:4602678819172646912" />
</Parameters>