<?xml version="1.0" encoding="UTF-8"?>
<!DOCTYPE reports SYSTEM "../reports.dtd" >
<reports>

  <report id="Arrival Departure Group">
	<description>
		Report for conference arrival groups / departure groups
		depends on conference.xml
	</description>
	<reportparameters></reportparameters>

    <reportheader></reportheader>
	<pageheader>
		<field whichfield="title1">
			<fielddetail condition="eq({param_rgrGroupType}, ArrivalGroup)">
				<value text="Arrival Groups Report"/>
			</fielddetail>
			<fielddetail condition="eq({param_rgrGroupType}, DepartureGroup)">
				<value text="Departure Groups Report"/>
			</fielddetail>
		</field>
		<field whichfield="title2"><value function="getSiteName()"></value>
		</field>
		<field whichfield="descr1">
			<fielddetail>
				<value text="Selection: "></value>
			</fielddetail>
			<fielddetail condition="eq({param_attendeeselection}, one attendee)">
				<value text="Partner: "></value><value variable="param_partnerkey"></value>
			</fielddetail>
			<fielddetail condition="eq({param_attendeeselection}, all attendees)">
				<value text="All Attendees"></value>
			</fielddetail>
			<fielddetail condition="eq({param_attendeeselection}, from extract)">
				<value text="Extract: "></value><value variable="param_extractname"></value>
			</fielddetail>
		</field>
		<field whichfield="period1">
			<fielddetail>
				<switch><case condition="eq({param_conferenceselection}, one conference)">
					<value text="Selected Conference: "></value>
					<value variable="param_conferencename"></value>
				</case></switch>
			</fielddetail>
			<fielddetail>
				<switch><case condition="eq({param_conferenceselection}, all conferences)">
					<value text="All Conferences selected"></value>
				</case></switch>
			</fielddetail>
		</field>
		<field whichfield="period2">
			<fielddetail>
			  <switch><case condition="eq({param_conferenceselection}, one conference)">
				  <value text="Selected Outreach Options: "></value>
				  <value variable="param_conferenceoptionscode"></value>
			  </case></switch>
			</fielddetail>
		</field>
	</pageheader>

    <calculations>
			
			<calculation id="Select Groups" returns="automatic" returnsFormat="row">
				<query>
					<queryDetail><value>
						SELECT DISTINCT
							PUB_pc_attendee.pc_conference_key_n,
					</value></queryDetail>
					<queryDetail condition="eq({param_rgrGroupType}, DepartureGroup)"><value>
							PUB_pc_attendee.pc_departure_group_c AS DepartureGroup
					</value></queryDetail>
					<queryDetail condition="eq({param_rgrGroupType}, ArrivalGroup)"><value>
							PUB_pc_attendee.pc_arrival_group_c AS ArrivalGroup
					</value></queryDetail>
					<queryDetail><value>
						FROM   PUB_p_partner,
							PUB_pc_attendee,
							PUB_pm_general_application,
							PUB_pm_short_term_application
					</value></queryDetail>
					<queryDetail condition="eq({param_attendeeselection}, one attendee)"><value>
						WHERE 
							PUB_pc_attendee.p_partner_key_n  = {{param_partnerkey}}
							AND
					</value></queryDetail>
					<queryDetail condition="eq({param_attendeeselection}, all attendees)"><value>
						WHERE 
					</value></queryDetail>
					<queryDetail condition="eq({param_attendeeselection}, from extract)"><value>
							, PUB_m_extract, PUB_m_extract_master
						WHERE
							 PUB_p_partner.p_partner_key_n = PUB_m_extract.p_partner_key_n
							AND PUB_m_extract.m_extract_id_i = PUB_m_extract_master.m_extract_id_i
							AND PUB_m_extract_master.m_extract_name_c = {param_extractname}
							AND
					</value></queryDetail>
					<queryDetail><value>
							PUB_p_partner.p_partner_key_n = PUB_pc_attendee.p_partner_key_n
					</value></queryDetail>
					
					<queryDetail condition="eq({param_conferenceselection}, one conference)"><value>
							AND PUB_pc_attendee.pc_conference_key_n = {{param_conferencekey}}
							AND
					</value></queryDetail>
					<queryDetail condition="eq({param_conferenceselection}, one conference)">
							<value function="csv" text="PUB_pm_short_term_application.pm_st_confirmed_option_n" 
									variable="param_conferenceoptions" calculation="OR" format="Number">
							</value>
					</queryDetail>
					
					<queryDetail condition="eq({param_conferenceselection}, all conferences))"><value>
							AND PUB_pc_attendee.pc_conference_key_n = PUB_pm_short_term_application.pm_st_confirmed_option_n 
					</value></queryDetail>
					
					<queryDetail><value>
							AND PUB_pc_attendee.p_partner_key_n  = PUB_pc_attendee.p_partner_key_n
							AND PUB_pm_short_term_application.p_partner_key_n = PUB_pc_attendee.p_partner_key_n
							AND PUB_pm_general_application.pm_application_key_i = PUB_pm_short_term_application.pm_application_key_i
							AND PUB_pm_general_application.pm_registration_office_n = PUB_pm_short_term_application.pm_registration_office_n
							AND NOT pm_general_application.pm_gen_app_delete_flag_l = 1
							AND ( 	PUB_pm_general_application.pm_gen_application_status_c LIKE 'A%'
									OR 
									PUB_pm_general_application.pm_gen_application_status_c LIKE 'H%' )
					</value></queryDetail>
					
					<queryDetail condition="and(eq({param_rgrGroupType}, ArrivalGroup), eq({param_chkIncludeNoGroups}, false))"><value>
							AND NOT PUB_pc_attendee.pc_arrival_group_c = ''
					</value></queryDetail>
					<queryDetail condition="and(eq({param_rgrGroupType}, DepartureGroup), eq({param_chkIncludeNoGroups}, false))"><value>
							AND NOT PUB_pc_attendee.pc_departure_group_c = ''
					</value></queryDetail>
				
					<queryDetail condition="eq({param_rgrGroupType}, DepartureGroup)"><value>
							ORDER BY DepartureGroup
					</value></queryDetail>
					<queryDetail condition="eq({param_rgrGroupType}, ArrivalGroup)"><value>
							ORDER BY ArrivalGroup
					</value></queryDetail>
				</query>
			</calculation> <!-- Select Groups -->
			
			<calculation id="Select Group Individual" returns="automatic" returnsFormat="row">
				<query>
					<queryDetail><value>
						SELECT DISTINCT
							PUB_p_partner.p_partner_key_n AS AttendeeKey,
							PUB_p_partner.p_partner_short_name_c AS AttendeeName,
							PUB_p_partner.p_partner_class_c AS AttendeeClass,
							
							PUB_p_person.p_gender_c AS Gender,
							PUB_p_person.p_date_of_birth_d AS Birthday,
							PUB_p_person.p_first_name_c AS FirstName,
							PUB_p_person.p_prefered_name_c AS PreferredName,
							PUB_p_person.p_family_name_c AS LastName,
							PUB_p_person.p_marital_status_c AS MaritalStatus,
							
							PUB_p_unit.p_unit_name_c AS ConferenceName,
							PUB_p_unit.p_partner_key_n AS ConferenceKey,
							ChargedUnit.p_unit_name_c AS ChargedOffice,
							PUB_pc_conference.pc_start_d AS StartDate,
							PUB_pc_conference.pc_end_d AS EndDate,
							
							PUB_pm_short_term_application.pm_arrival_d AS ArrivalDate,
							PUB_pm_short_term_application.pm_arrival_hour_i,
							PUB_pm_short_term_application.pm_arrival_minute_i,
							PUB_pm_short_term_application.pm_departure_d AS DepartureDate,
							PUB_pm_short_term_application.pm_departure_hour_i,
							PUB_pm_short_term_application.pm_departure_minute_i,
							PUB_pm_short_term_application.pt_arrival_point_code_c,
							PUB_pm_short_term_application.pm_arrival_comments_c AS ArrivalComment,
							PUB_pm_short_term_application.pt_departure_point_code_c,
							PUB_pm_short_term_application.pm_departure_comments_c AS DepartureComment,
							PUB_pm_short_term_application.pm_to_cong_travel_info_c AS ArrivalTravelDetails,
							PUB_pm_short_term_application.pm_from_cong_travel_info_c AS DepartureTravelDetails,
							PUB_pm_short_term_application.pt_travel_type_to_cong_code_c AS ArrivalTravelType,
							PUB_pm_short_term_application.pt_travel_type_from_cong_code_c AS DepartureTravelType,
							PUB_pm_short_term_application.pm_arrival_transport_needed_l,
							PUB_pm_short_term_application.pm_departure_transport_needed_l,
							PUB_pm_short_term_application.pm_st_congress_code_c AS ConferenceRole,
							PUB_pm_short_term_application.pm_st_fg_code_c AS FellowshipGroup,
							PUB_pm_short_term_application.pm_st_fg_leader_l,
							PUB_pm_short_term_application.pm_confirmed_option_code_c AS OutreachCode,
							
							PUB_pc_attendee.pc_discovery_group_c AS DiscoveryGroup,
							PUB_pc_attendee.pc_work_group_c AS WorkGroup,
							PUB_pc_attendee.pc_arrival_group_c AS ArrivalGroup,
							PUB_pc_attendee.pc_departure_group_c AS DepartureGroup,
							PUB_pc_attendee.pc_registered_d AS RegistrationDate,
							PUB_pc_attendee.pc_actual_arr_d AS ActualArrivingDate,
							PUB_pc_attendee.pc_actual_dep_d AS ActualDepartureDate,
							
						</value></queryDetail>
						<queryDetail condition="eq({param_rgrGroupType}, ArrivalGroup)"><value>
							PUB_pc_attendee.pc_departure_group_c AS DepartureGroup,
						</value></queryDetail>
						<queryDetail condition="eq({param_rgrGroupType}, DepartureGroup)"><value>
							PUB_pc_attendee.pc_arrival_group_c AS ArrivalGroup,
						</value></queryDetail>
						<queryDetail><value>
							PUB_pc_attendee.pc_discovery_group_c AS DiscoveryGroup,
							PUB_pc_attendee.pc_work_group_c AS WorkGroup,
							PUB_pc_attendee.pc_registered_d AS RegistrationDate
						FROM   PUB_p_partner,
							PUB_p_person,
							PUB_p_unit,
							PUB_p_unit AS ChargedUnit,
							PUB_pc_attendee,
							PUB_pc_conference,
							PUB_pm_general_application,
							PUB_pm_short_term_application
					</value></queryDetail>
					<queryDetail condition="eq({param_attendeeselection}, one attendee)"><value>
						WHERE 
							PUB_pc_attendee.p_partner_key_n  = {{param_partnerkey}}
							AND
					</value></queryDetail>
					<queryDetail condition="eq({param_attendeeselection}, all attendees)"><value>
						WHERE 
					</value></queryDetail>
					<queryDetail condition="eq({param_attendeeselection}, from extract)"><value>
							, PUB_m_extract, PUB_m_extract_master
						WHERE
							 PUB_p_partner.p_partner_key_n = PUB_m_extract.p_partner_key_n
							AND PUB_m_extract.m_extract_id_i = PUB_m_extract_master.m_extract_id_i
							AND PUB_m_extract_master.m_extract_name_c = {param_extractname}
							AND
					</value></queryDetail>
					<queryDetail><value>
							PUB_p_partner.p_partner_key_n = PUB_pc_attendee.p_partner_key_n
							AND PUB_p_person.p_partner_key_n = PUB_pc_attendee.p_partner_key_n
					</value></queryDetail>
					
					<queryDetail condition="eq({param_conferenceselection}, one conference)"><value>
							AND PUB_pc_conference.pc_conference_key_n = {{param_conferencekey}}
							AND PUB_pc_attendee.pc_conference_key_n = {{param_conferencekey}}
							AND
					</value></queryDetail>
					<queryDetail condition="eq({param_conferenceselection}, one conference)">
							<value function="csv" text="PUB_pm_short_term_application.pm_st_confirmed_option_n" 
									variable="param_conferenceoptions" calculation="OR" format="Number">
							</value>
					</queryDetail>
					
					<queryDetail condition="eq({param_conferenceselection}, all conferences))"><value>
							AND PUB_pc_attendee.pc_conference_key_n = PUB_pc_conference.pc_conference_key_n
							AND PUB_pc_conference.pc_outreach_prefix_c = substr(PUB_pm_short_term_application.pm_confirmed_option_code_c, 1, 5) 
					</value></queryDetail>
					
					<queryDetail><value>
							AND PUB_p_unit.p_partner_key_n = PUB_pc_attendee.pc_conference_key_n
							AND ChargedUnit.p_partner_key_n = PUB_pm_short_term_application.pm_st_field_charged_n
							AND PUB_pm_short_term_application.p_partner_key_n = PUB_pc_attendee.p_partner_key_n
							
							AND PUB_pm_general_application.pm_application_key_i = PUB_pm_short_term_application.pm_application_key_i
							AND PUB_pm_general_application.pm_registration_office_n = PUB_pm_short_term_application.pm_registration_office_n
							AND NOT pm_general_application.pm_gen_app_delete_flag_l = 1
							AND ( 	PUB_pm_general_application.pm_gen_application_status_c LIKE 'A%'
									OR 
									PUB_pm_general_application.pm_gen_application_status_c LIKE 'H%' )
					</value></queryDetail>
					
					<queryDetail condition="and(eq({param_rgrGroupType}, ArrivalGroup), gt(length({ArrivalGroup}), 0))"><value>
							AND PUB_pc_attendee.pc_arrival_group_c = {ArrivalGroup}
							ORDER BY AttendeeName
					</value></queryDetail>
					<queryDetail condition="and(eq({param_rgrGroupType}, ArrivalGroup), lt(length({ArrivalGroup}), 1))"><value>
							AND (	PUB_pc_attendee.pc_arrival_group_c = {ArrivalGroup}
									OR PUB_pc_attendee.pc_arrival_group_c IS NULL )
							ORDER BY AttendeeName
					</value></queryDetail>
					<queryDetail condition="and(eq({param_rgrGroupType}, DepartureGroup), gt(length({DepartureGroup}), 0))"><value>
							AND PUB_pc_attendee.pc_departure_group_c = {DepartureGroup}
							ORDER BY AttendeeName
					</value></queryDetail>
					<queryDetail condition="and(eq({param_rgrGroupType}, DepartureGroup), lt(length({DepartureGroup}), 1))"><value>
							AND (	PUB_pc_attendee.pc_arrival_group_c = {DepartureGroup}
									OR PUB_pc_attendee.pc_departure_group_c IS NULL )
							ORDER BY AttendeeName
					</value></queryDetail>
					
				</query>
			</calculation> <!-- Select Group Individual -->
			
			<calculation align="left" id="VisibleGroup" returns="text" returnsFormat="text">
				<query>
					<queryDetail>
						<value variable="VisibleGroup"></value>
					</queryDetail>
				</query>
			</calculation>
			
			<calculation id="CheckArrivalGroupName" returns="VisibleGroup" returnsFormat="text">
				<query>
					<queryDetail>
						<value text="NO-SQL"/>
						<value function="assign(VisibleGroup, {ArrivalGroup})"/>
						<value function="assign(VisibleGroup, Unassigned)" condition="lt(length({ArrivalGroup}), 1)"/>
					</queryDetail>
				</query>
			</calculation>
			
			<calculation id="CheckDepartureGroupName" returns="VisibleGroup" returnsFormat="text">
				<query>
					<queryDetail>
						<value text="NO-SQL"/>
						<value function="assign(VisibleGroup, {DepartureGroup})"/>
						<value function="assign(VisibleGroup, Unassigned)" condition="lt(length({DepartureGroup}), 1)"/>
					</queryDetail>
				</query>
			</calculation>
			
    </calculations>
    
    <levels>    
	<level name="main">
		<detail>
			<lowerLevelReport calculation="Select Groups" level="Group Level"></lowerLevelReport>
		</detail>
	</level> <!-- main -->

	<level name="Group Level">
		<header>
			<switch>
				<case condition="eq({param_rgrGroupType}, ArrivalGroup)">
					<field whichfield="header 1" pos="0cm" width="5cm" calculation="CheckArrivalGroupName">
						<value text="Arrival Group: "/>
						<value variable="VisibleGroup"/>
					</field>
				</case>
				<case condition="eq({param_rgrGroupType}, DepartureGroup)">
					<field whichfield="header 1" pos="0cm" width="5cm" calculation="CheckDepartureGroupName">
						<value text="Departure Group: "/>
						<value variable="VisibleGroup"/>
					</field>
				</case>
			</switch>
		</header>
		<detail>
			<lowerLevelReport calculation="Select Group Individual" level="Attendee Details"/>
		</detail>
		<footer>
			<field whichfield="left 1" pos="0cm">
				<value text=" "/>
			</field>
		</footer>
	</level>
	
      <level name="Attendee Details" identification="AttendeeKey">
		<header>
		</header>
		<detail>
			<field whichfield="Columns" calculation="GetOtherDetails"></field>
		</detail>
       </level><!-- Attendee Details -->
	
    </levels>
  </report>
</reports>
