<?xml version="1.0" encoding="ISO-8859-1" ?>
<!DOCTYPE reports SYSTEM "../reports.dtd">
<reports>

    <report id="Common Calculations for Conference">
        <description>
            some calculations that are needed by several reports in the Conference module
        </description>

        <reportparameters>
            <reportparameter name="param_conferenceselection">
                <option name="one conference"></option>
                <option name="all conferences"></option>
            </reportparameter>
            <reportparameter name="param_attendeeselection">
                <option name="all attendees"></option>
                <option name="from extract"></option>
                <option name="one attendee"></option>
            </reportparameter>
            <reportparameter name="param_partnerkey"></reportparameter>
            <reportparameter name="param_conferencekey"></reportparameter>
            <reportparameter name="param_conferenceoptions"></reportparameter>
            <reportparameter name="param_conferenceoptionscode"></reportparameter>
            <reportparameter name="param_extractname"></reportparameter>
        </reportparameters>
        
        <reportheader/>
        
        <pageheader/>
        
        <calculations>
        
            <calculation id="Select Attendee Details" returns="automatic" returnsFormat="row">
                <query>
                    <queryDetail><value>
                        SELECT DISTINCT
                            PUB_p_partner.p_partner_key_n AS AttendeeKey,
                            PUB_p_partner.p_partner_short_name_c AS AttendeeName,
                            PUB_p_partner.p_partner_class_c AS AttendeeClass,
                            
                            PUB_p_person.p_gender_c AS Gender,
                            PUB_p_person.p_date_of_birth_d AS Birthday,
                            PUB_p_person.p_first_name_c AS FirstName,
                            PUB_p_person.p_prefered_name_c AS PreferredName,
                            PUB_p_person.p_family_name_c AS LastName,
                            PUB_p_person.p_marital_status_c AS MaritalStatus,
                            PUB_p_person.p_family_key_n AS FamilyKey,
                            
                            PUB_p_unit.p_unit_name_c AS ConferenceName,
                            PUB_p_unit.p_partner_key_n AS ConferenceKey,
                            ChargedUnit.p_unit_name_c AS ChargedOffice,
                            PUB_pc_conference.pc_start_d AS StartDate,
                            PUB_pc_conference.pc_end_d AS EndDate,
                            
                            PUB_pm_short_term_application.pm_arrival_d AS ArrivalDate,
                            PUB_pm_short_term_application.pm_arrival_hour_i,
                            PUB_pm_short_term_application.pm_arrival_minute_i,
                            PUB_pm_short_term_application.pm_departure_d AS DepartureDate,
                            PUB_pm_short_term_application.pm_departure_hour_i,
                            PUB_pm_short_term_application.pm_departure_minute_i,
                            PUB_pm_short_term_application.pt_arrival_point_code_c,
                            PUB_pm_short_term_application.pm_arrival_comments_c AS ArrivalComment,
                            PUB_pm_short_term_application.pt_departure_point_code_c,
                            PUB_pm_short_term_application.pm_departure_comments_c AS DepartureComment,
                            PUB_pm_short_term_application.pm_to_cong_travel_info_c AS ArrivalTravelDetails,
                            PUB_pm_short_term_application.pm_from_cong_travel_info_c AS DepartureTravelDetails,
                            PUB_pm_short_term_application.pt_travel_type_to_cong_code_c AS ArrivalTravelType,
                            PUB_pm_short_term_application.pt_travel_type_from_cong_code_c AS DepartureTravelType,
                            PUB_pm_short_term_application.pm_arrival_transport_needed_l,
                            PUB_pm_short_term_application.pm_departure_transport_needed_l,
                            PUB_pm_short_term_application.pm_confirmed_option_code_c AS OutreachCode,
                            PUB_pm_short_term_application.pm_st_congress_code_c AS ConferenceRole,
                            PUB_pm_short_term_application.pm_st_fg_code_c AS FellowshipGroup,
                            PUB_pm_short_term_application.pm_st_fg_leader_l,
                            
                            PUB_pc_attendee.pc_discovery_group_c AS DiscoveryGroup,
                            PUB_pc_attendee.pc_work_group_c AS WorkGroup,
                            PUB_pc_attendee.pc_arrival_group_c AS ArrivalGroup,
                            PUB_pc_attendee.pc_departure_group_c AS DepartureGroup,
                            PUB_pc_attendee.pc_registered_d AS RegistrationDate,
                            PUB_pc_attendee.pc_actual_arr_d AS ActualArrivingDate,
                            PUB_pc_attendee.pc_actual_dep_d AS ActualDepartureDate
                            
                        FROM   PUB_p_partner,
                            PUB_p_person,
                            PUB_p_unit,
                            PUB_p_unit AS ChargedUnit,
                            PUB_pc_attendee,
                            PUB_pc_conference,
                            PUB_pm_general_application,
                            PUB_pm_short_term_application
                    </value></queryDetail>
                    <queryDetail condition="eq({param_attendeeselection}, one attendee)"><value>
                        WHERE 
                            PUB_pc_attendee.p_partner_key_n  = {{param_partnerkey}}
                            AND
                    </value></queryDetail>
                    <queryDetail condition="eq({param_attendeeselection}, all attendees)"><value>
                        WHERE 
                    </value></queryDetail>
                    <queryDetail condition="eq({param_attendeeselection}, from extract)"><value>
                            , PUB_m_extract, PUB_m_extract_master
                        WHERE
                             PUB_p_partner.p_partner_key_n = PUB_m_extract.p_partner_key_n
                            AND PUB_m_extract.m_extract_id_i = PUB_m_extract_master.m_extract_id_i
                            AND PUB_m_extract_master.m_extract_name_c = {param_extractname}
                            AND
                    </value></queryDetail>
                    <queryDetail><value>
                            PUB_p_partner.p_partner_key_n = PUB_pc_attendee.p_partner_key_n
                            AND PUB_p_person.p_partner_key_n = PUB_pc_attendee.p_partner_key_n
                    </value></queryDetail>
                    
                    <queryDetail condition="eq({param_conferenceselection}, one conference)"><value>
                            AND PUB_pc_conference.pc_conference_key_n = {{param_conferencekey}}
                            AND PUB_pc_attendee.pc_conference_key_n = {{param_conferencekey}}
                            AND
                    </value></queryDetail>
                    <queryDetail condition="eq({param_conferenceselection}, one conference)">
                            <value function="csv" text="PUB_pm_short_term_application.pm_st_confirmed_option_n" 
                                    variable="param_conferenceoptions" calculation="OR" format="Number">
                            </value>
                    </queryDetail>
                    
                    <queryDetail condition="eq({param_conferenceselection}, all conferences))"><value>
                            AND PUB_pc_attendee.pc_conference_key_n = PUB_pc_conference.pc_conference_key_n
                            AND PUB_pc_conference.pc_outreach_prefix_c = substr(PUB_pm_short_term_application.pm_confirmed_option_code_c, 1, 5) 
                    </value></queryDetail>
                    
                    <queryDetail><value>
                            AND PUB_p_unit.p_partner_key_n = PUB_pc_attendee.pc_conference_key_n
                            AND ChargedUnit.p_partner_key_n = PUB_pm_short_term_application.pm_st_field_charged_n
                            AND PUB_pm_short_term_application.p_partner_key_n = PUB_pc_attendee.p_partner_key_n
                            AND PUB_pm_general_application.pm_application_key_i = PUB_pm_short_term_application.pm_application_key_i
                            AND PUB_pm_general_application.pm_registration_office_n = PUB_pm_short_term_application.pm_registration_office_n
                            AND NOT pm_general_application.pm_gen_app_delete_flag_l = 1
                            AND (   PUB_pm_general_application.pm_gen_application_status_c LIKE 'A%'
                                    OR 
                                    PUB_pm_general_application.pm_gen_application_status_c LIKE 'H%' )
                    </value></queryDetail>
                </query>
            </calculation> <!-- Select Attendee Details -->
            
            <calculation id="GetOtherDetails" returns="automatic" returnsFormat="text">
                <query>
                    <queryDetail>
                        <value text="NO-SQL"/>
                        <value function="GetPassport({AttendeeKey})"/>
                        <value function="assign(ArrivalTime, formattime(:, {pm_arrival_hour_i}, {pm_arrival_minute_i}))"/>
                        <value function="assign(DepartureTime, formattime(:, {pm_departure_hour_i}, {pm_departure_minute_i}))"/>
                        <value function="assign(Age, calculateAge({Birthday}))"/>
                        <value function="assign(ConferenceRoom, GetConferenceRoom({AttendeeKey}, {ConferenceKey}, No Room allocated))"/>
                        <value function="assign(ArrivalPoint, GetArrivalPoint({pt_arrival_point_code_c}))"/>
                        <value function="assign(DeparturePoint, GetArrivalPoint({pt_departure_point_code_c}))"/>
                        <value function="assign(ArrivalNeedsTransport, Yes)" condition="{pm_arrival_transport_needed_l}"/>
                        <value function="assign(ArrivalNeedsTransport, No)" condition="not({pm_arrival_transport_needed_l})"/>
                        <value function="assign(DepartureNeedsTransport, Yes)" condition="{pm_departure_transport_needed_l}"/>
                        <value function="assign(DepartureNeedsTransport, No)" condition="not({pm_departure_transport_needed_l})"/>
                        <value function="assign(GroupLeader, Yes)" condition="{pm_st_fg_leader_l}"/>
                        <value function="assign(GroupLeader, No)" condition="not({pm_st_fg_leader_l})"/>
                    </queryDetail>
                </query>
            </calculation>
    
            <calculation align="left" id="Partner Key" returns="text" returnsFormat="partnerkey">
                <caption><value text="Partner Key"></value></caption>
                <query>
                    <queryDetail>
                        <value variable="AttendeeKey"></value>
                    </queryDetail>
                </query>
            </calculation>
            
            <calculation align="left" id="Partner Name" returns="text" returnsFormat="text">
                <caption><value text="Partner Name"></value></caption>
                <query>
                    <queryDetail>
                        <value variable="AttendeeName"></value>
                    </queryDetail>
                </query>
            </calculation>
            
            <calculation align="left" id="Partner Class" returns="text" returnsFormat="text">
                <caption><value text="Partner Class"></value></caption>
                <query>
                    <queryDetail>
                        <value variable="AttendeeClass"></value>
                    </queryDetail>
                </query>
            </calculation>
            
            <calculation align="left" id="First Name" returns="text" returnsFormat="text">
                <caption><value text="First Name"></value></caption>
                <query>
                    <queryDetail>
                        <value variable="FirstName"></value>
                    </queryDetail>
                </query>
            </calculation>
            
            <calculation align="left" id="Preferred Name" returns="text" returnsFormat="text">
                <caption><value text="Preferred Name"></value></caption>
                <query>
                    <queryDetail>
                        <value variable="PreferredName"></value>
                    </queryDetail>
                </query>
            </calculation>
            
            <calculation align="left" id="Last Name" returns="text" returnsFormat="text">
                <caption><value text="Last Name"></value></caption>
                <query>
                    <queryDetail>
                        <value variable="LastName"></value>
                    </queryDetail>
                </query>
            </calculation>
            
            <calculation align="left" id="Birthday" returns="text" returnsFormat="text">
                <caption><value text="Birthday"></value></caption>
                <query>
                    <queryDetail>
                        <value variable="Birthday"></value>
                    </queryDetail>
                </query>
            </calculation>
            
            <calculation align="left" id="Gender" returns="text" returnsFormat="text">
                <caption><value text="Gender"></value></caption>
                <query>
                    <queryDetail>
                        <value variable="Gender"></value>
                    </queryDetail>
                </query>
            </calculation>
            
            <calculation align="left" id="Age" returns="text" returnsFormat="text">
                <caption><value text="Age"></value></caption>
                <query>
                    <queryDetail>
                        <value variable="Age"></value>
                    </queryDetail>
                </query>
            </calculation>
            
            <calculation align="left" id="Family Key" returns="text" returnsFormat="partnerkey">
                <caption><value text="Family Key"></value></caption>
                <query>
                    <queryDetail>
                        <value variable="FamilyKey"></value>
                    </queryDetail>
                </query>
            </calculation>
            
            <calculation align="left" id="Marital Status" returns="text" returnsFormat="text">
                <caption><value text="Marital Status"></value></caption>
                <query>
                    <queryDetail>
                        <value variable="MaritalStatus"></value>
                    </queryDetail>
                </query>
            </calculation>
            
            <calculation align="left" id="Conference Name" returns="text" returnsFormat="text">
                <caption><value text="Conference Name"></value></caption>
                <query>
                    <queryDetail>
                        <value variable="ConferenceName"></value>
                    </queryDetail>
                </query>
            </calculation>
            
            <calculation align="left" id="Conference Key" returns="text" returnsFormat="text">
                <caption><value text="Conference Key"></value></caption>
                <query>
                    <queryDetail>
                        <value variable="ConferenceKey"></value>
                    </queryDetail>
                </query>
            </calculation>
            
            <calculation align="left" id="Outreach Code" returns="text" returnsFormat="text">
                <caption><value text="Outreach Code"></value></caption>
                <query>
                    <queryDetail>
                        <value variable="OutreachCode"></value>
                    </queryDetail>
                </query>
            </calculation>
            
            <calculation align="left" id="Conference Room" returns="text" returnsFormat="text">
                <caption><value text="Conference Room"></value></caption>
                <query>
                    <queryDetail>
                        <value variable="ConferenceRoom"></value>
                    </queryDetail>
                </query>
            </calculation>
            
            <calculation align="left" id="Conference Role" returns="text" returnsFormat="text">
                <caption><value text="Role"></value></caption>
                <query>
                    <queryDetail>
                        <value variable="ConferenceRole"></value>
                    </queryDetail>
                </query>
            </calculation>
            
            <calculation align="left" id="Fellowship Group" returns="text" returnsFormat="text">
                <caption><value text="Fellowship"></value></caption>
                <query>
                    <queryDetail>
                        <value variable="FellowshipGroup"></value>
                    </queryDetail>
                </query>
            </calculation>
            
            <calculation align="left" id="Group Leader" returns="text" returnsFormat="text">
                <caption><value text="Leader"></value></caption>
                <query>
                    <queryDetail>
                        <value variable="GroupLeader"></value>
                    </queryDetail>
                </query>
            </calculation>
            
            <calculation align="left" id="Charged Office" returns="text" returnsFormat="text">
                <caption><value text="Charged Office"></value></caption>
                <query>
                    <queryDetail>
                        <value variable="ChargedOffice"></value>
                    </queryDetail>
                </query>
            </calculation>
            
            <calculation align="left" id="Arrival Date" returns="text" returnsFormat="formatteddate">
                <caption><value text="Arr. Date"></value></caption>
                <query>
                    <queryDetail>
                        <value variable="ArrivalDate"></value>
                    </queryDetail>
                </query>
            </calculation>
            
            <calculation align="left" id="Arrival Time" returns="text" returnsFormat="text">
                <caption><value text="Arr. Time"></value></caption>
                <query>
                    <queryDetail>
                        <value variable="ArrivalTime"></value>
                    </queryDetail>
                </query>
            </calculation>
            
            <calculation align="left" id="Arrival Comment" returns="text" returnsFormat="text">
                <caption><value text="Arrival Comment"></value></caption>
                <query>
                    <queryDetail>
                        <value variable="ArrivalComment"></value>
                    </queryDetail>
                </query>
            </calculation>
            
            <calculation align="left" id="Actual Arrival Date" returns="text" returnsFormat="formatteddate">
                <caption><value text="Act. Arr. Date"></value></caption>
                <query>
                    <queryDetail>
                        <value variable="ActualArrivingDate"></value>
                    </queryDetail>
                </query>
            </calculation>
            
            <calculation align="left" id="Departure Date" returns="text" returnsFormat="formatteddate">
                <caption><value text="Dep. Date"></value></caption>
                <query>
                    <queryDetail>
                        <value variable="DepartureDate"></value>
                    </queryDetail>
                </query>
            </calculation>
            
            <calculation align="left" id="Departure Time" returns="text" returnsFormat="text">
                <caption><value text="Dep. Time"></value></caption>
                <query>
                    <queryDetail>
                        <value variable="DepartureTime"></value>
                    </queryDetail>
                </query>
            </calculation>
            
            <calculation align="left" id="Departure Comment" returns="text" returnsFormat="text">
                <caption><value text="Departure Comment"></value></caption>
                <query>
                    <queryDetail>
                        <value variable="DepartureComment"></value>
                    </queryDetail>
                </query>
            </calculation>
            
            <calculation align="left" id="Actual Departure Date" returns="text" returnsFormat="formatteddate">
                <caption><value text="Act. Dep. Date"></value></caption>
                <query>
                    <queryDetail>
                        <value variable="ActualDepartureDate"></value>
                    </queryDetail>
                </query>
            </calculation>
            
            <calculation align="left" id="Arrival Point" returns="text" returnsFormat="text">
                <caption><value text="Arrival Point"></value></caption>
                <query>
                    <queryDetail>
                        <value variable="ArrivalPoint"></value>
                    </queryDetail>
                </query>
            </calculation>
            
            <calculation align="left" id="Departure Point" returns="text" returnsFormat="text">
                <caption><value text="Departure Point"></value></caption>
                <query>
                    <queryDetail>
                        <value variable="DeparturePoint"></value>
                    </queryDetail>
                </query>
            </calculation>
            
            <calculation align="left" id="Arrival Details" returns="text" returnsFormat="text">
                <caption><value text="Arrival Details"></value></caption>
                <query>
                    <queryDetail>
                        <value variable="ArrivalTravelDetails"></value>
                    </queryDetail>
                </query>
            </calculation>
            
            <calculation align="left" id="Departure Details" returns="text" returnsFormat="text">
                <caption><value text="Departure Details"></value></caption>
                <query>
                    <queryDetail>
                        <value variable="DepartureTravelDetails"></value>
                    </queryDetail>
                </query>
            </calculation>
            
            <calculation align="left" id="Arrival Type" returns="text" returnsFormat="text">
                <caption><value text="Arrival Type"></value></caption>
                <query>
                    <queryDetail>
                        <value variable="ArrivalTravelType"></value>
                    </queryDetail>
                </query>
            </calculation>
            
            <calculation align="left" id="Departure Type" returns="text" returnsFormat="text">
                <caption><value text="Dep. Type"></value></caption>
                <query>
                    <queryDetail>
                        <value variable="DepartureTravelType"></value>
                    </queryDetail>
                </query>
            </calculation>
            
            <calculation align="left" id="Arrival Needs Transport" returns="text" returnsFormat="text">
                <caption><value text="Arrival Needs Transport"></value></caption>
                <query>
                    <queryDetail>
                        <value variable="ArrivalNeedsTransport"></value>
                    </queryDetail>
                </query>
            </calculation>
            
            <calculation align="left" id="Departure Needs Transport" returns="text" returnsFormat="text">
                <caption><value text="Departure Needs Transport"></value></caption>
                <query>
                    <queryDetail>
                        <value variable="DepartureNeedsTransport"></value>
                    </queryDetail>
                </query>
            </calculation>
            
            <calculation align="left" id="Passport Number" returns="text" returnsFormat="text">
                <caption><value text="Passport"></value></caption>
                <query>
                    <queryDetail>
                        <value variable="PassportNationalityCode"></value>
                        <value text=" "></value>
                        <value variable="PassportNumber"></value>
                    </queryDetail>
                </query>
            </calculation>
            
            <calculation align="left" id="Nationality" returns="text" returnsFormat="text">
                <caption><value text="Nationality"></value></caption>
                <query>
                    <queryDetail>
                        <value variable="PassportNationalityCode"></value>
                    </queryDetail>
                </query>
            </calculation>
            
            <calculation align="left" id="Passport Name" returns="text" returnsFormat="text">
                <caption><value text="Passport Name"></value></caption>
                <query>
                    <queryDetail>
                        <value variable="FullPassportName"></value>
                    </queryDetail>
                </query>
            </calculation>
            
            <calculation align="left" id="Discovery Group" returns="text" returnsFormat="text">
                <caption><value text="Discovery Group"></value></caption>
                <query>
                    <queryDetail>
                        <value variable="DiscoveryGroup"></value>
                    </queryDetail>
                </query>
            </calculation>
            
            <calculation align="left" id="Work Group" returns="text" returnsFormat="text">
                <caption><value text="Work Group"></value></caption>
                <query>
                    <queryDetail>
                        <value variable="WorkGroup"></value>
                    </queryDetail>
                </query>
            </calculation>
            
            <calculation align="left" id="Arrival Group" returns="text" returnsFormat="text">
                <caption><value text="Arrival Group"></value></caption>
                <query>
                    <queryDetail>
                        <value variable="ArrivalGroup"></value>
                    </queryDetail>
                </query>
            </calculation>
            
            <calculation align="left" id="Departure Group" returns="text" returnsFormat="text">
                <caption><value text="Departure Group"></value></caption>
                <query>
                    <queryDetail>
                        <value variable="DepartureGroup"></value>
                    </queryDetail>
                </query>
            </calculation>
            
            <calculation align="left" id="Registration Date" returns="text" returnsFormat="formatteddate">
                <caption><value text="Registration Date"></value></caption>
                <query>
                    <queryDetail>
                        <value variable="RegistrationDate"></value>
                    </queryDetail>
                </query>
            </calculation>
            
        </calculations>
        
        <levels/>
    </report><!-- Common Calculations for Conference -->
</reports>