<?xml version="1.0" encoding="UTF-8"?>
<!DOCTYPE reports SYSTEM "../reports.dtd" >
<reports>

	<report id="Languages Report">
		<description>
			Report for conference languages summary
		</description>
		<reportparameters>
		</reportparameters>

		<reportheader></reportheader>
		
		<pageheader>
			<field whichfield="title1">
				<value text="Languages Report"></value>
			</field>
			<field whichfield="title2"><value function="getSiteName()"></value></field>
			
			<field whichfield="descr1">
				<fielddetail>
					<value text="Selection: "></value>
				</fielddetail>
				<fielddetail condition="eq({param_attendeeselection}, one attendee)">
					<value text="Partner: "></value><value variable="param_partnerkey"></value>
				</fielddetail>
				<fielddetail condition="eq({param_attendeeselection}, all attendees)">
					<value text="All Attendees"></value>
				</fielddetail>
				<fielddetail condition="eq({param_attendeeselection}, from extract)">
					<value text="Extract: "></value><value variable="param_extractname"></value>
				</fielddetail>
			  </field>
			<field whichfield="period1">
				<fielddetail>
					<switch>
						<case condition="eq({param_conferenceselection}, one conference)">
							<value text="Selected Conference: "></value>
							<value variable="param_conferencename"></value>
						</case>
					</switch>
				</fielddetail>
				<fielddetail>
					<switch>
						<case condition="eq({param_conferenceselection}, all conferences)">
							<value text="All Conferences selected"></value>
						</case>
					</switch>
				</fielddetail>
			</field>
			<field whichfield="period2">
				<fielddetail>
					<switch><case condition="eq({param_conferenceselection}, one conference)">
						<value text="Selected Outreach Options: "></value>
						<value variable="param_conferenceoptionscode"></value>
					</case></switch>
				</fielddetail>
			</field>
		</pageheader>

		<calculations>
			<calculation id="Select Languages" returns="automatic" returnsFormat="row">
				<query>
					<queryDetail><value>
						SELECT DISTINCT
							PUB_p_language.p_language_description_c AS Language,
							COUNT(*) AS LanguageCount
						FROM   
							PUB_p_partner,
							PUB_pc_attendee,
							PUB_pc_conference,
							PUB_pm_general_application,
							PUB_pm_short_term_application,
							PUB_p_language
					</value></queryDetail>
					<queryDetail condition="eq({param_attendeeselection}, one attendee)"><value>
						WHERE 
							PUB_pc_attendee.p_partner_key_n  = {{param_partnerkey}}
							AND
					</value></queryDetail>
					<queryDetail condition="eq({param_attendeeselection}, all attendees)"><value>
						WHERE 
					</value></queryDetail>
					<queryDetail condition="eq({param_attendeeselection}, from extract)"><value>
							, PUB_m_extract, PUB_m_extract_master
						WHERE
							 PUB_p_partner.p_partner_key_n = PUB_m_extract.p_partner_key_n
							AND PUB_m_extract.m_extract_id_i = PUB_m_extract_master.m_extract_id_i
							AND PUB_m_extract_master.m_extract_name_c = {param_extractname}
							AND
					</value></queryDetail>
					<queryDetail><value>
							PUB_p_partner.p_partner_key_n = PUB_pc_attendee.p_partner_key_n
					</value></queryDetail>
					
					<queryDetail condition="eq({param_conferenceselection}, one conference)"><value>
							AND PUB_pc_conference.pc_conference_key_n = {{param_conferencekey}}
							AND PUB_pc_attendee.pc_conference_key_n = {{param_conferencekey}}
							AND
					</value></queryDetail>
					<queryDetail condition="eq({param_conferenceselection}, one conference)">
							<value function="csv" text="PUB_pm_short_term_application.pm_st_confirmed_option_n" 
									variable="param_conferenceoptions" calculation="OR" format="Number">
							</value>
					</queryDetail>
					
					<queryDetail condition="eq({param_conferenceselection}, all conferences))"><value>
							AND PUB_pc_attendee.pc_conference_key_n = PUB_pc_conference.pc_conference_key_n
							AND PUB_pc_conference.pc_outreach_prefix_c = substr(PUB_pm_short_term_application.pm_confirmed_option_code_c, 1, 5) 
					</value></queryDetail>
					
					<queryDetail><value>
							AND PUB_pm_short_term_application.p_partner_key_n = PUB_pc_attendee.p_partner_key_n
							AND PUB_pm_general_application.pm_application_key_i = PUB_pm_short_term_application.pm_application_key_i
							AND PUB_pm_general_application.pm_registration_office_n = PUB_pm_short_term_application.pm_registration_office_n
							AND NOT pm_general_application.pm_gen_app_delete_flag_l = 1
							AND ( 	PUB_pm_general_application.pm_gen_application_status_c LIKE 'A%'
									OR 
									PUB_pm_general_application.pm_gen_application_status_c LIKE 'H%' )
							AND PUB_p_partner.p_language_code_c = PUB_p_language.p_language_code_c
						GROUP BY PUB_p_language.p_language_description_c
					</value></queryDetail>
				</query>
			</calculation> 
			
			<calculation align="left" id="Language" returns="text" returnsFormat="text">
				<caption><value text="Language"></value></caption>
				<query>
					<queryDetail>
						<value variable="Language"></value>
					</queryDetail>
				</query>
			</calculation>
			
			<calculation align="left" id="Number" returns="text" returnsFormat="text">
				<caption><value text="Number"></value></caption>
				<query>
					<queryDetail>
						<value variable="LanguageCount"></value>
					</queryDetail>
				</query>
			</calculation>
			
		</calculations>
    
		<levels> 
			
			<level name="main">
				<detail>
					<lowerLevelReport level="Language Level" calculation="Select Languages"/>
				</detail>
			</level>
			
			<level name="Language Level">
				<header>
					<field whichfield="columns"/>
				</header>
				<detail>
				</detail>
			</level>
			
		</levels>
	</report>
</reports>
