<?xml version="1.0"?>
<Parameters>
  <Parameter id="systemsettings" value="eBoolean:true" />
  <Parameter id="xmlfiles" value="eString:FinancialDevelopment\\lybunt.xml,common.xml" />
  <Parameter id="currentReport" value="eString:SYBUNTReport" />
  <Parameter id="MaxDisplayColumns" value="eInteger:8" />
  <Parameter id="param_last_year" value="eInteger:0" />
  <Parameter id="param_this_year" value="eInteger:0" />
  <Parameter id="param_minimum_amount" value="eInteger:0" />
  <Parameter id="param_currency" value="eString:Base" />
  <Parameter id="param_calculation" column="0" value="eString:Partner Key" />
  <Parameter id="ColumnWidth" column="0" value="eInteger:2" />
  <Parameter id="param_ytd" column="0" value="eString:false" />
  <Parameter id="param_calculation" column="1" value="eString:Partner Name" />
  <Parameter id="ColumnWidth" column="1" value="eInteger:4" />
  <Parameter id="param_ytd" column="1" value="eString:false" />
  <Parameter id="param_calculation" column="2" value="eString:Partner Class" />
  <Parameter id="ColumnWidth" column="2" value="eDecimal:4612811918334230528" />
  <Parameter id="param_ytd" column="2" value="eString:false" />
  <Parameter id="param_calculation" column="3" value="eString:Number" />
  <Parameter id="ColumnWidth" column="3" value="eDecimal:4609434218613702656" />
  <Parameter id="param_ytd" column="3" value="eString:false" />
  <Parameter id="param_calculation" column="4" value="eString:Last Gift Date" />
  <Parameter id="ColumnWidth" column="4" value="eInteger:2" />
  <Parameter id="param_ytd" column="4" value="eString:false" />
  <Parameter id="param_calculation" column="5" value="eString:Motivation Detail" />
  <Parameter id="ColumnWidth" column="5" value="eInteger:3" />
  <Parameter id="param_ytd" column="5" value="eString:false" />
  <Parameter id="param_calculation" column="6" value="eString:Motivation Group" />
  <Parameter id="ColumnWidth" column="6" value="eInteger:3" />
  <Parameter id="param_ytd" column="6" value="eString:false" />
  <Parameter id="param_calculation" column="7" value="eString:Last Gift Amount" />
  <Parameter id="ColumnWidth" column="7" value="eDecimal:4612811918334230528" />
  <Parameter id="param_ytd" column="7" value="eString:false" />
  <Parameter id="orderby0" value="eString:Partner Name" />
  <Parameter id="orderby1" value="eString:Partner Key" />
  <Parameter id="orderby2" value="eString:Last Gift Date" />
  <Parameter id="param_sortby_readable" value="eString:Partner Name, Partner Key, Last Gift Date" />
  <Parameter id="param_sortby_columns" value="eString:1,0,4" />
  <Parameter id="param_currency_format" value="eString:CurrencyComplete" />
  <Parameter id="param_all_partners" value="eString:true" />
  <Parameter id="param_extract" value="eString:false" />
</Parameters>