<?xml version="1.0"?>
<Parameters>
  <Parameter id="systemsettings" value="eBoolean:true" />
  <Parameter id="xmlfiles" value="eString:Personnel\\emergencycontactreport.xml,Personnel\\personnel.xml" />
  <Parameter id="currentReport" value="eString:Emergency Contact Report" />
  <Parameter id="MaxDisplayColumns" value="eInteger:12" />
  <Parameter id="param_source" value="eString:Event" />
  <Parameter id="param_event_selection" value="eString:this" />
  <Parameter id="param_event_code" value="eString:" />
  <Parameter id="param_event_name" value="eString:" />
  <Parameter id="param_extract_name" value="eString:" />
  <Parameter id="param_conference_code" value="eString:" />
  <Parameter id="param_unit_key" value="eString:" />
  <Parameter id="param_application_status_accepted" value="eString:true" />
  <Parameter id="param_application_status_cancelled" value="eString:false" />
  <Parameter id="param_application_status_enquiry" value="eString:false" />
  <Parameter id="param_application_status_hold" value="eString:false" />
  <Parameter id="param_application_status_rejected" value="eString:false" />
  <Parameter id="param_calculation" column="0" value="eString:Emergency Contact Type" />
  <Parameter id="ColumnWidth" column="0" value="eDecimal:4612136378390124954" />
  <Parameter id="param_calculation" column="1" value="eString:Emergency Contact Key" />
  <Parameter id="ColumnWidth" column="1" value="eInteger:2" />
  <Parameter id="param_calculation" column="2" value="eString:Emergency Contact Name" />
  <Parameter id="ColumnWidth" column="2" value="eInteger:3" />
  <Parameter id="param_calculation" column="3" value="eString:Street" />
  <Parameter id="ColumnWidth" column="3" value="eInteger:3" />
  <Parameter id="param_calculation" column="4" value="eString:Post Code" />
  <Parameter id="ColumnWidth" column="4" value="eDecimal:4610785298501913805" />
  <Parameter id="param_calculation" column="5" value="eString:City" />
  <Parameter id="ColumnWidth" column="5" value="eInteger:3" />
  <Parameter id="param_calculation" column="6" value="eString:Country" />
  <Parameter id="ColumnWidth" column="6" value="eDecimal:4609434218613702656" />
  <Parameter id="param_calculation" column="7" value="eString:Primary Phone" />
  <Parameter id="ColumnWidth" column="7" value="eInteger:2" />
  <Parameter id="param_calculation" column="8" value="eString:Mobile" />
  <Parameter id="ColumnWidth" column="8" value="eInteger:2" />
  <Parameter id="param_calculation" column="9" value="eString:Alternate Telephone" />
  <Parameter id="ColumnWidth" column="9" value="eInteger:2" />
  <Parameter id="param_calculation" column="10" value="eString:Fax" />
  <Parameter id="ColumnWidth" column="10" value="eInteger:2" />
  <Parameter id="param_calculation" column="11" value="eString:Primary E-Mail" />
  <Parameter id="ColumnWidth" column="11" value="eInteger:2" />
</Parameters>