<?xml version="1.0"?>
<Parameters>
  <Parameter id="systemsettings" value="eBoolean:true" />
  <Parameter id="xmlfiles" value="eString:Finance\\fieldleadergiftsummary_2.xml,Finance\\finance.xml,common.xml" />
  <Parameter id="currentReport" value="eString:FieldLeaderGiftSummary-2" />
  <Parameter id="MaxDisplayColumns" value="eInteger:7" />
  <Parameter id="param_currency" value="eString:Base" />
  <Parameter id="param_calculation" column="0" value="eString:Detail" />
  <Parameter id="ColumnWidth" column="0" value="eDecimal:4612811918334230528" />
  <Parameter id="param_ytd" column="0" value="eString:false" />
  <Parameter id="param_calculation" column="1" value="eString:Credits" />
  <Parameter id="ColumnWidth" column="1" value="eInteger:2" />
  <Parameter id="param_ytd" column="1" value="eString:false" />
  <Parameter id="param_calculation" column="2" value="eString:Debits" />
  <Parameter id="ColumnWidth" column="2" value="eInteger:2" />
  <Parameter id="param_ytd" column="2" value="eString:false" />
  <Parameter id="param_calculation" column="3" value="eString:Motivation Detail" />
  <Parameter id="ColumnWidth" column="3" value="eInteger:3" />
  <Parameter id="param_ytd" column="3" value="eString:false" />
  <Parameter id="param_calculation" column="4" value="eString:Motivation Group" />
  <Parameter id="ColumnWidth" column="4" value="eInteger:3" />
  <Parameter id="param_ytd" column="4" value="eString:false" />
  <Parameter id="param_calculation" column="5" value="eString:Partner Key" />
  <Parameter id="ColumnWidth" column="5" value="eInteger:2" />
  <Parameter id="param_ytd" column="5" value="eString:false" />
  <Parameter id="param_calculation" column="6" value="eString:Partner Name" />
  <Parameter id="ColumnWidth" column="6" value="eInteger:5" />
  <Parameter id="param_ytd" column="6" value="eString:false" />
  <Parameter id="param_currency_format" value="eString:CurrencyComplete" />
  <Parameter id="TransactionCount" value="eInteger:0" />
  <Parameter id="TransactionCountAccount" value="eInteger:0" />
  <Parameter id="SumDebitAccount" value="eInteger:0" />
  <Parameter id="SumCreditAccount" value="eInteger:0" />
  <Parameter id="param_credit_column" value="eInteger:1" />
  <Parameter id="param_debit_column" value="eInteger:2" />
</Parameters>