<?xml version="1.0"?>
<Parameters>
  <Parameter id="systemsettings" value="eBoolean:true" />
  <Parameter id="xmlfiles" value="eString:Finance\\trialbalance.xml,Finance\\accountdetailcommon.xml,Finance\\finance.xml,common.xml" />
  <Parameter id="currentReport" value="eString:Trial Balance" />
  <Parameter id="MaxDisplayColumns" value="eInteger:2" />
  <Parameter id="param_diff_period_i" value="eInteger:0" />
  <Parameter id="param_account_hierarchy_c" value="eString:STANDARD" />
  <Parameter id="param_currency" value="eString:Base" />
  <Parameter id="param_quarter" value="eString:false" />
  <Parameter id="param_period" value="eString:true" />
  <Parameter id="param_daterange" value="eString:false" />
  <Parameter id="param_sortby" value="eString:Account" />
  <Parameter id="param_account_codes" value="eString:*NOTUSED*" />
  <Parameter id="param_rgrAccounts" value="eString:AllAccounts" />
  <Parameter id="param_account_list_title" value="eString:All Accounts" />
  <Parameter id="param_cost_centre_list_title" value="eString:All Cost Centres" />
  <Parameter id="param_rgrCostCentres" value="eString:AllCostCentres" />
  <Parameter id="param_cost_centre_codes" value="eString:*NOTUSED*" />
  <Parameter id="param_depth" value="eString:standard" />
</Parameters>