<?xml version="1.0"?>
<Parameters>
  <Parameter id="systemsettings" value="eBoolean:true" />
  <Parameter id="xmlfiles" value="eString:Personnel\\birthdaylist.xml,Personnel\\personnel.xml" />
  <Parameter id="currentReport" value="eString:Birthday List" />
  <Parameter id="MaxDisplayColumns" value="eInteger:6" />
  <Parameter id="param_selection" value="eString:all current staff" />
  <Parameter id="param_extract" value="eString:" />
  <Parameter id="param_partnerkey" value="eInteger:0" />
  <Parameter id="param_calculation" column="6" value="eString:Date Of Birth This Year" />
  <Parameter id="param_calculation" column="7" value="eString:Partner Name" />
  <Parameter id="param_calculation" column="8" value="eString:Partner Key" />
  <Parameter id="param_chkUseDate" value="eBoolean:false" />
  <Parameter id="param_chkAnniversaries" value="eBoolean:false" />
  <Parameter id="param_txtAnniversaries" value="eString:" />
  <Parameter id="param_chkSelectTypes" value="eBoolean:false" />
  <Parameter id="param_partnertypelist" value="eString:false" />
  <Parameter id="param_calculation" column="0" value="eString:Partner Name" />
  <Parameter id="ColumnWidth" column="0" value="eDecimal:4616752568008179712" />
  <Parameter id="param_ytd" column="0" value="eBoolean:false" />
  <Parameter id="param_calculation" column="1" value="eString:Gender" />
  <Parameter id="ColumnWidth" column="1" value="eDecimal:4611686018427387904" />
  <Parameter id="param_ytd" column="1" value="eBoolean:false" />
  <Parameter id="param_calculation" column="2" value="eString:Partner Key" />
  <Parameter id="ColumnWidth" column="2" value="eInteger:2" />
  <Parameter id="param_ytd" column="2" value="eBoolean:false" />
  <Parameter id="param_calculation" column="3" value="eString:Date of Birth" />
  <Parameter id="ColumnWidth" column="3" value="eDecimal:4612811918334230528" />
  <Parameter id="param_ytd" column="3" value="eBoolean:false" />
  <Parameter id="param_calculation" column="4" value="eString:Start Date of Commitment" />
  <Parameter id="ColumnWidth" column="4" value="eInteger:2" />
  <Parameter id="param_ytd" column="4" value="eBoolean:false" />
  <Parameter id="param_calculation" column="5" value="eString:End Date of Commitment" />
  <Parameter id="ColumnWidth" column="5" value="eInteger:2" />
  <Parameter id="param_ytd" column="5" value="eBoolean:false" />
</Parameters>