<?xml version="1.0"?>
<Parameters>
  <Parameter id="systemsettings" value="eBoolean:true" />
  <Parameter id="xmlfiles" value="eString:FinancialDevelopment\\giftsoveramount.xml,common.xml" />
  <Parameter id="currentReport" value="eString:GiftsOverAmount" />
  <Parameter id="MaxDisplayColumns" value="eInteger:4" />
  <Parameter id="param_minimum_amount" value="eInteger:0" />
  <Parameter id="param_currency" value="eString:Base" />
  <Parameter id="param_sort_by" value="eString:Donor Name" />
  <Parameter id="param_exclude_anonymous_donors" value="eString:false" />
  <Parameter id="param_exclude_no_solicitations" value="eString:false" />
  <Parameter id="param_calculation" column="0" value="eString:Gift Date" />
  <Parameter id="ColumnWidth" column="0" value="eInteger:2" />
  <Parameter id="param_ytd" column="0" value="eString:false" />
  <Parameter id="param_calculation" column="1" value="eString:Motivation Detail" />
  <Parameter id="ColumnWidth" column="1" value="eInteger:3" />
  <Parameter id="param_ytd" column="1" value="eString:false" />
  <Parameter id="param_calculation" column="2" value="eString:Gift Recipient" />
  <Parameter id="ColumnWidth" column="2" value="eInteger:8" />
  <Parameter id="param_ytd" column="2" value="eString:false" />
  <Parameter id="param_calculation" column="3" value="eString:Total Gifts" />
  <Parameter id="ColumnWidth" column="3" value="eDecimal:4612811918334230528" />
  <Parameter id="param_ytd" column="3" value="eString:false" />
  <Parameter id="param_currency_format" value="eString:CurrencyComplete" />
  <Parameter id="param_gift_amount_column" value="eInteger:3" />
</Parameters>