<?xml version="1.0"?>
<Parameters>
  <Parameter id="systemsettings" value="eBoolean:true" />
  <Parameter id="xmlfiles" value="eString:Conference\\transportreport.xml,Conference\\conference.xml" />
  <Parameter id="currentReport" value="eString:Transport Report" />
  <Parameter id="MaxDisplayColumns" value="eInteger:9" />
  <Parameter id="param_conferenceselection" value="eString:one conference" />
  <Parameter id="param_attendeeselection" value="eString:all attendees" />
  <Parameter id="param_partnerkey" value="eInteger:0" />
  <Parameter id="param_conferencekey" value="eInteger:0" />
  <Parameter id="param_conferencename" value="eString:" />
  <Parameter id="param_extractname" value="eString:" />
  <Parameter id="orderby0" value="eString:Arrival Date" />
  <Parameter id="orderby1" value="eString:Arrival Time" />
  <Parameter id="orderby2" value="eString:Partner Name" />
  <Parameter id="param_sortby_readable" value="eString:Arrival Date, Arrival Time, Partner Name" />
  <Parameter id="param_calculation" column="9" value="eString:Arrival Date" />
  <Parameter id="param_calculation" column="10" value="eString:Arrival Time" />
  <Parameter id="param_calculation" column="11" value="eString:Partner Name" />
  <Parameter id="param_sortby_columns" value="eString:9,10,11" />
  <Parameter id="param_rgrArrivalDeparture" value="eString:ListArrivals" />
  <Parameter id="param_chkOnlyTravelDay" value="eString:false" />
  <Parameter id="param_chkNeedTransport" value="eString:false" />
  <Parameter id="param_chkIncompleteDetails" value="eString:false" />
  <Parameter id="param_calculation" column="0" value="eString:Partner Name" />
  <Parameter id="ColumnWidth" column="0" value="eInteger:4" />
  <Parameter id="param_calculation" column="1" value="eString:Charged Office" />
  <Parameter id="ColumnWidth" column="1" value="eInteger:3" />
  <Parameter id="param_calculation" column="2" value="eString:Arrival Date" />
  <Parameter id="ColumnWidth" column="2" value="eInteger:2" />
  <Parameter id="param_calculation" column="3" value="eString:Arrival Time" />
  <Parameter id="ColumnWidth" column="3" value="eInteger:2" />
  <Parameter id="param_calculation" column="4" value="eString:Arrival Needs Transport" />
  <Parameter id="ColumnWidth" column="4" value="eInteger:3" />
  <Parameter id="param_calculation" column="5" value="eString:Arrival Point" />
  <Parameter id="ColumnWidth" column="5" value="eInteger:3" />
  <Parameter id="param_calculation" column="6" value="eString:Arrival Details" />
  <Parameter id="ColumnWidth" column="6" value="eInteger:3" />
  <Parameter id="param_calculation" column="7" value="eString:Arrival Expected Date" />
  <Parameter id="ColumnWidth" column="7" value="eInteger:2" />
  <Parameter id="param_calculation" column="8" value="eString:Arrival Expected Time" />
  <Parameter id="ColumnWidth" column="8" value="eInteger:2" />
</Parameters>