<?xml version="1.0"?>
<Parameters>
  <Parameter id="systemsettings" value="eBoolean:true" />
  <Parameter id="xmlfiles" value="eString:Personnel\\relationshipreport.xml,Personnel\\personnel.xml" />
  <Parameter id="currentReport" value="eString:Relationship Report" />
  <Parameter id="MaxDisplayColumns" value="eInteger:8" />
  <Parameter id="param_selection" value="eString:one partner" />
  <Parameter id="param_extract" value="eString:" />
  <Parameter id="param_partnerkey" value="eInteger:0" />
  <Parameter id="param_chkCategoryFilter" value="eString:false" />
  <Parameter id="param_cmbRelationCategory" value="eString:" />
  <Parameter id="param_chkActivePartners" value="eString:true" />
  <Parameter id="param_chkMailingAddressesOnly" value="eString:false" />
  <Parameter id="param_chkExcludeNoSolicitations" value="eString:false" />
  <Parameter id="param_calculation" column="0" value="eString:Partner 1 Partner Key" />
  <Parameter id="ColumnWidth" column="0" value="eInteger:3" />
  <Parameter id="param_calculation" column="1" value="eString:Partner 1 Partner Name" />
  <Parameter id="ColumnWidth" column="1" value="eInteger:4" />
  <Parameter id="param_calculation" column="2" value="eString:Partner 1 Partner Class" />
  <Parameter id="ColumnWidth" column="2" value="eInteger:3" />
  <Parameter id="param_calculation" column="3" value="eString:Partner 1 Partner Class" />
  <Parameter id="ColumnWidth" column="3" value="eInteger:1" />
  <Parameter id="param_calculation" column="4" value="eString:Relationship" />
  <Parameter id="ColumnWidth" column="4" value="eInteger:3" />
  <Parameter id="param_calculation" column="5" value="eString:Partner 2 Partner Key" />
  <Parameter id="ColumnWidth" column="5" value="eInteger:2" />
  <Parameter id="param_calculation" column="6" value="eString:Partner 2 Partner Name" />
  <Parameter id="ColumnWidth" column="6" value="eInteger:4" />
  <Parameter id="param_calculation" column="7" value="eString:Partner 2 Partner Name" />
  <Parameter id="ColumnWidth" column="7" value="eInteger:4" />
</Parameters>