<?xml version="1.0"?>
<Parameters>
  <Parameter id="systemsettings" value="eBoolean:true" />
  <Parameter id="xmlfiles" value="eString:FinancialDevelopment/methodofgiving.xml,common.xml" />
  <Parameter id="currentReport" value="eString:MethodOfGiving" />
  <Parameter id="MaxDisplayColumns" value="eInteger:0" />
  <Parameter id="param_diff_period_i" value="eInteger:0" />
  <Parameter id="param_account_hierarchy_c" value="eString:STANDARD" />
  <Parameter id="param_currency" value="eString:Base" />
  <Parameter id="param_quarter" value="eString:false" />
  <Parameter id="param_period" value="eString:false" />
  <Parameter id="param_date_checked" value="eString:true" />
  <Parameter id="param_year_i" value="eInteger:0" />
  <Parameter id="param_currency_format" value="eString:CurrencyComplete" />
  <Parameter id="param_depth" value="eString:standard" />
</Parameters>