<?xml version="1.0"?>
<Parameters>
  <Parameter id="systemsettings" value="eBoolean:true" />
  <Parameter id="xmlfiles" value="eString:Conference\\accommodationreport.xml,Conference\\conference.xml" />
  <Parameter id="currentReport" value="eString:Accommodation Report" />
  <Parameter id="MaxDisplayColumns" value="eInteger:3" />
  <Parameter id="param_calculation" column="0" value="eString:Room" />
  <Parameter id="param_calculation" column="1" value="eString:CheckDate" />
  <Parameter id="ColumnWidth" column="1" value="eDecimal:4608533498688228557" />
  <Parameter id="param_calculation" column="2" value="eString:Cost" />
  <Parameter id="ColumnWidth" column="2" value="eInteger:2" />
  <Parameter id="param_report_detail" value="eString:Brief" />
  <Parameter id="param_conferenceselection" value="eString:one conference" />
  <Parameter id="param_attendeeselection" value="eString:all attendees" />
  <Parameter id="param_partnerkey" value="eInteger:0" />
  <Parameter id="param_extractname" value="eString:" />
</Parameters>