<?xml version="1.0"?>
<Parameters>
  <Parameter id="systemsettings" value="eBoolean:true" />
  <Parameter id="xmlfiles" value="eString:Partner\\supportingchurchesreport.xml" />
  <Parameter id="currentReport" value="eString:Supporting Churches" />
  <Parameter id="MaxDisplayColumns" value="eInteger:7" />
  <Parameter id="param_selection" value="eString:an extract" />
  <Parameter id="param_partnerkey" value="eInteger:0" />
  <Parameter id="param_order_by" value="eString:PartnerName" />
  <Parameter id="param_calculation" column="0" value="eString:Associated Partner Key" />
  <Parameter id="ColumnWidth" column="0" value="eInteger:2" />
  <Parameter id="param_calculation" column="1" value="eString:Partner Name" />
  <Parameter id="ColumnWidth" column="1" value="eInteger:4" />
  <Parameter id="param_calculation" column="2" value="eString:Type/Relation" />
  <Parameter id="ColumnWidth" column="2" value="eInteger:3" />
  <Parameter id="param_calculation" column="3" value="eString:Field" />
  <Parameter id="ColumnWidth" column="3" value="eInteger:3" />
  <Parameter id="param_calculation" column="4" value="eString:Partner Address" />
  <Parameter id="ColumnWidth" column="4" value="eInteger:10" />
  <Parameter id="param_calculation" column="5" value="eString:Primary E-Mail" />
  <Parameter id="ColumnWidth" column="5" value="eInteger:3" />
  <Parameter id="param_calculation" column="6" value="eString:Primary Phone" />
  <Parameter id="ColumnWidth" column="6" value="eInteger:3" />
</Parameters>