<?xml version="1.0"?>
<Parameters>
  <Parameter id="systemsettings" value="eBoolean:true" />
  <Parameter id="xmlfiles" value="eString:Finance\\hosa.xml,Finance\\accountdetailcommon.xml,Finance\\finance.xml,common.xml" />
  <Parameter id="currentReport" value="eString:HOSA" />
  <Parameter id="MaxDisplayColumns" value="eInteger:2" />
  <Parameter id="param_diff_period_i" value="eInteger:0" />
  <Parameter id="param_account_hierarchy_c" value="eString:STANDARD" />
  <Parameter id="param_currency" value="eString:Base" />
  <Parameter id="param_quarter" value="eBoolean:false" />
  <Parameter id="param_period" value="eBoolean:true" />
  <Parameter id="param_date_checked" value="eBoolean:false" />
  <Parameter id="param_start_period_i" value="eInteger:1" />
  <Parameter id="param_end_period_i" value="eInteger:1" />
  <Parameter id="param_year_i" value="eInteger:0" />
  <Parameter id="param_ExcludeInactiveCostCentres" value="eBoolean:true" />
  <Parameter id="param_filter_cost_centres" value="eString:Fields" />
</Parameters>