<?xml version="1.0"?>
<Parameters>
  <Parameter id="systemsettings" value="eBoolean:true" />
  <Parameter id="xmlfiles" value="eString:Finance\\incomeexpensestatement.xml,Finance\\finance.xml,common.xml" />
  <Parameter id="currentReport" value="eString:Income Expense Statement" />
  <Parameter id="MaxDisplayColumns" value="eInteger:1" />
  <Parameter id="param_account_hierarchy_c" value="eString:STANDARD" />
  <Parameter id="param_currency" value="eString:Base" />
  <Parameter id="param_quarter" value="eString:false" />
  <Parameter id="param_costcentreoptions" value="eString:SelectedCostCentres" />
  <Parameter id="param_cost_centre_codes" value="eString:" />
  <Parameter id="param_cost_centre_summary" value="eString:false" />
  <Parameter id="param_cost_centre_breakdown" value="eString:false" />
  <Parameter id="ExcludeInactiveCostCentres" value="eString:false" />
  <Parameter id="param_depth" value="eString:standard" />
  <Parameter id="param_calculation" column="0" value="eString:Actual Selected Year" />
  <Parameter id="param_selected_ledgers" column="0" value="eString:" />
  <Parameter id="param_ytd" column="0" value="eString:false" />
  <Parameter id="param_ytd" value="eString:true" />
  <Parameter id="param_currency_format" value="eString:CurrencyComplete" />
  <Parameter id="param_multiperiod" value="eString:true" />
</Parameters>