<?xml version="1.0" encoding="ISO-8859-1" ?>
<!DOCTYPE reports SYSTEM "../reports.dtd">
<reports>
	<report id="Birthday List">
		<description>
			Lists the birthday of a partner, all partners in an extract, 
			all current staff at a certain date should be printed.
			Optionally, a date range can be given (only month and day)
			Optionally, the family members can be included.
			Optionally, only partners with selected partner types, included
			in a list of partner types, are printed.

			requires personnel.xml
		</description>
		<reportparameters>
			<reportparameter name="param_selection">
				<option name="one partner"/>
				<option name="an extract"/>
				<option name="all current staff"/>
			</reportparameter>
			<reportparameter name="param_extract" condition="param_selection=an extract"/>
			<reportparameter name="param_partnerkey" condition="param_selection=one partner"/>
			<reportparameter name="param_dtpFromDate"/>
			<reportparameter name="param_dtpToDate"/>
			<reportparameter name="param_currentstaffdate"/>
			<reportparameter name="param_chkIncludeFamily"/>
			<reportparameter name="param_chkSelectTypes"/>
			<reportparameter name="param_chkUseDate" />
			<reportparameter name="param_chkAnniversaries" />
			<reportparameter name="param_txtAnniversaries" />
			<reportparameter name="param_typecode" />
			<reportparameter name="param_sortby"/>
			<reportparameter name="param_sortby_readable"/>

		</reportparameters>

		<reportheader/>
		<pageheader>
			<field whichfield="title1"><value text ="Birthday List" /></field>
			<field whichfield="title2"><value function = "getSiteName()"/></field>
			<field whichfield="descr1">
				<fielddetail>
					<value text = "Selection: "/>
				</fielddetail>
				<fielddetail condition="eq({param_selection},one partner)">
					<value text = "Partner "/><value variable = "param_partnerkey"/>
				</fielddetail>
				<fielddetail condition="eq({param_selection},an extract)">
					<value text = "Extract "/><value variable = "param_extract"/>
				</fielddetail>
				<fielddetail condition="eq({param_selection},all current staff)">
					<value text = "All current Staff at date "/><value variable = "param_currentstaffdate" format="formatteddate"/>
				</fielddetail>
			</field>
			<field whichfield="descr2">
				<fielddetail>
					<value text="Sorted by: "/>
					<value variable="param_sortby_readable"/>
				</fielddetail>
			</field>
			<field whichfield="period1">
				<fielddetail condition="eq({param_chkUseDate}, true)">
					<value text = "Birthdays between "/>
					<value variable = "param_dtpFromDate" format="formatteddate"/>
					<value text = " and "/>
					<value variable = "param_dtpToDate" format="formatteddate"/>
				</fielddetail>
				<fielddetail condition="eq({param_chkAnniversaries}, true)">
					<value text = " Show only ages: "/>
					<value variable = "param_txtAnniversaries"/>
				</fielddetail>
<!--
				<fielddetail condition="eq({param_chkIncludeFamily},true)">
					<value text = " Family Members Included"/>
				</fielddetail>
-->
			</field>
			<field whichfield="period2">
				<fielddetail condition="eq({param_chkSelectTypes},true)">
					<value text = "This report contains only persons that are assigned one of the following special types:"/>
				</fielddetail>
			</field>
			<field whichfield="period3">
				<fielddetail condition="eq({param_chkSelectTypes},true)">
					<value text = " "/>
					<value variable = "param_typecode"/>
				</fielddetail>
			</field>
		</pageheader>

		<calculations>
			<!-- Select Partners - works for partners or for all members of a family -->
			<calculation id="Select Partners" returns="automatic" returnsFormat="row">
				<query>
					<queryDetail><value>Ict.Petra.Server.MPersonnel.queries.QueryBirthdayReport.CalculateBirthdays</value></queryDetail>
				</query>
			</calculation> <!-- Select Partners -->

			<!-- Select Family Keys - Box "Include family members" IS checked -->
			<calculation id="Select Family Keys" returns="automatic" returnsFormat="row">
				<query>
					<queryDetail><value>Ict.Petra.Server.MPersonnel.queries.QueryBirthdayReport.GetFamilyKeys</value></queryDetail>
				</query>
			</calculation>

			<calculation id="GetCommitmentPeriodAndEmail" returnsFormat="internal"
					returns="CommitmentStart,CommitmentEnd,EmailAddress">
				<query>
					<queryDetail>
						<value function="GetCurrentCommitmentPeriod({{PartnerKey}},{#param_currentstaffdate#})"/>
						<value function="GetPartnerBestAddress({PartnerKey})"/>
						<value function="assign(Telephone, {TelephoneNumber})"/>
					</queryDetail>
					<queryDetail condition="eq({param_chkSelectTypes}, true)">
						<value function="assign(PartnerType, GetType({PartnerKey}, {param_typecode}, BEGIN))"/>
					</queryDetail>
					<queryDetail condition="eq({param_chkSelectTypes}, false)">
						<value function="assign(PartnerType, GetType({PartnerKey}, DEFAULTWORKERTYPES, BEGIN))"/>
					</queryDetail>
				</query>
			</calculation>

			<calculation id="Partner Surname" returnsFormat="text" returns="text">
				<caption><value text="Surname"/></caption>
				<query>
					<queryDetail>
						<value variable="Surname"/>
					</queryDetail>
				</query>
			</calculation>

			<calculation id="Partner Firstname" returnsFormat="text" returns="text">
				<caption><value text="Firstname"/></caption>
				<query>
					<queryDetail>
						<value variable="FirstName"/>
					</queryDetail>
				</query>
			</calculation>

			<calculation id="Partner Type" returnsFormat="csvlistslash:text" returns="text">
				<caption><value text="Type"/></caption>
				<query>
					<queryDetail>
						<value variable="PartnerType"/>
					</queryDetail>
				</query>
			</calculation>

			<calculation id="Family Key" returnsFormat="partnerkey" returns="text">
				<caption><value text="Family Key"/></caption>
				<query>
					<queryDetail>
						<value variable="FamilyKey"/>
					</queryDetail>
				</query>
			</calculation>

            <calculation align="left" id="Primary Phone" returns="text" returnsFormat="text">
                <caption><value text="Primary Phone"></value></caption>
                <query>
                    <queryDetail>
                        <value variable="TelephoneNumber"></value>
                    </queryDetail>
                </query>
            </calculation>

            <calculation align="left" id="Primary E-Mail" returns="text" returnsFormat="text">
                <caption><value text="Primary E-Mail"></value></caption>
                <query>
                    <queryDetail>
                        <value variable="EMailAddress"></value>
                    </queryDetail>
                </query>
            </calculation>
            
			<calculation id="Date of Birth" returnsFormat="formatteddate" returns="date">
				<caption><value text="Date of Birth"/></caption>
				<query>
					<queryDetail>
						<value variable="DOB"/>
					</queryDetail>
				</query>
			</calculation>

			<calculation id="Date Of Birth This Year" returnsFormat="number" returns="number">
				<caption><value text="Date Of Birth This Year"/></caption>
				<query>
					<queryDetail>
						<value variable="DOBThisYear"/>
					</queryDetail>
				</query>
			</calculation>

			<calculation id="Start Date of Commitment" returnsFormat="date" returns="formatteddate">
				<caption><value text="Start Date of\nCommitment"/></caption>
				<query>
					<queryDetail>
						<value variable="CommitmentStart" format="formatteddate"/>
					</queryDetail>
				</query>
			</calculation>

			<calculation id="End Date of Commitment" returnsFormat="date" returns="formatteddate">
				<caption><value text="End Date of\nCommitment"/></caption>
				<query>
					<queryDetail>
						<value variable="CommitmentEnd" format="formatteddate"/>
					</queryDetail>
				</query>
			</calculation>

			<calculation id="Gender" returnsFormat="text" returns="text">
				<caption><value text="Gender"/></caption>
				<query>
					<queryDetail>
						<value variable="Gender"/>
					</queryDetail>
				</query>
			</calculation>

			<calculation id="Age" returnsFormat="number" returns="number">
				<caption><value text="Age"/></caption>
				<query>
					<queryDetail>
						<value variable="Age"/>
					</queryDetail>
				</query>
			</calculation>

			<calculation align="left" id="Address Fax" returns="text" returnsFormat="text">
				<caption><value text="Fax Number"></value></caption>
				<query>
					<queryDetail>
						<value variable="FaxNumber"></value>
					</queryDetail>
				</query>
			</calculation>
		</calculations>

		<levels>
			<level name="main">
			<detail>
				<lowerLevelReport level="Partner Detail" calculation ="Select Partners"/>
<!--
				<switch>
					<case condition="not({param_chkIncludeFamily})">
						<lowerLevelReport level="Partner Detail" calculation ="Select Partners">
						</lowerLevelReport>
					</case>
					<case condition="eq({param_chkIncludeFamily},true)">
						<lowerLevelReport level="Family Members" calculation ="Select Family Keys">
						</lowerLevelReport>
					</case>
				</switch>
-->
			</detail>
		</level> <!-- main -->

		<level name="Partner Detail" identification="PartnerKey">
			<detail>
				<!--field whichfield="columns" /-->
				<field calculation="GetCommitmentPeriodAndEmail" whichfield="columns" />
			</detail>
		</level>  <!-- Partner Detail -->

		<level name="Family Members" identification="FamilyKey" condition="HasColumns">
			<detail>
				<lowerLevelReport level="Partner Detail" calculation="Select Partners">
				</lowerLevelReport>
			</detail>
		</level>  <!-- Family Members -->
		</levels>

	</report><!-- Birthday List -->

</reports>