<?xml version="1.0" encoding="ISO-8859-1" ?>
<!DOCTYPE reports SYSTEM "../reports.dtd">
<reports>
	<report id="Job Assignment Report">
		<description>
			Job assignments of a partner, all partners in an extract,
			all current staff or all staff in the database should be printed.

			requires personnel.xml
		</description>
		<reportparameters>
			<reportparameter name="param_selection">
				<option name="one partner"/>
				<option name="an extract"/>
				<option name="all current staff"/>
				<option name="all staff"/>
			</reportparameter>
			<reportparameter name="param_extract"
				condition="param_selection=an extract"/>
            <reportparameter name="param_partnerkey"
				condition="param_selection=one partner"/>
            <reportparameter name="param_currentstaffdate"
				condition="param_selection=all current staff"/>
			<reportparameter name="param_sortby"/>
			<reportparameter name="param_sortby_readable"/>
		</reportparameters>

		<reportheader/>
		<pageheader>
			<field whichfield="title1"><value text ="Job Assignments" /></field>
			<field whichfield="title2"><value function = "getSiteName()"/></field>
			<field whichfield="descr1">
				<fielddetail>
					<value text = "Selection: "/>
				</fielddetail>
				<fielddetail condition="eq({param_selection},one partner)">
					<value text = "Partner "/><value variable = "param_partnerkey"/>
				</fielddetail>
				<fielddetail condition="eq({param_selection},an extract)">
					<value text = "Extract "/><value variable = "param_extract"/>
				</fielddetail>
				<fielddetail condition="eq({param_selection},all current staff)">
					<value text = "All current Staff at date "/>
					<value variable = "param_currentstaffdate" format="formatteddate"/>
				</fielddetail>
				<fielddetail condition="eq({param_selection},all staff)">
					<value text = "All Staff"/>
				</fielddetail>
			</field>
			<field whichfield="descr2">
				<fielddetail condition="ne({param_selection}, one partner)">
					<value text="Sorted by: "/>
					<value variable="param_sortby_readable"/>
				</fielddetail>
			</field>
		</pageheader>

		<calculations>
			<calculation id="Select Partners"
					returns="PartnerKey, StartDate, EndDate, RoleKey, Assistant, ShortName, FieldName, RoleName"
					returnsFormat="row">
				<query>
					<queryDetail><value>
					SELECT DISTINCT person.p_partner_key_n AS PartnerKey,
					   jobAssignment.pm_from_date_d AS StartDate,
					   jobAssignment.pm_to_date_d AS EndDate,
					   jobAssignment.pt_position_name_c AS RoleKey,
					   jobAssignment.pt_assistant_to_l AS Assistant,
					   partner.p_partner_short_name_c AS ShortName,
					   unit.p_unit_name_c AS FieldName,
                       position.pt_position_descr_c AS RoleName
					FROM PUB_p_person AS person,
						PUB_p_partner AS partner,
					</value></queryDetail>

					<queryDetail condition="eq({param_selection},one partner)"><value>
                        PUB_pt_position AS position,
						pm_job_assignment AS jobAssignment
					LEFT JOIN PUB_p_unit AS unit
						ON jobAssignment.pm_unit_key_n = unit.p_partner_key_n
					WHERE person.p_partner_key_n = {{param_partnerkey}}
						AND position.pt_position_name_c = jobAssignment.pt_position_name_c
						AND
					</value></queryDetail>

					<queryDetail condition="eq({param_selection},an extract)"><value>
						PUB_m_extract,
						PUB_m_extract_master,
                        PUB_pt_position AS position,
						pm_job_assignment AS jobAssignment
					LEFT JOIN PUB_p_unit AS unit
						ON jobAssignment.pm_unit_key_n = unit.p_partner_key_n
					WHERE person.p_partner_key_n = PUB_m_extract.p_partner_key_n
						AND PUB_m_extract.m_extract_id_i = PUB_m_extract_master.m_extract_id_i
						AND PUB_m_extract_master.m_extract_name_c = {param_extract}
						AND position.pt_position_name_c = jobAssignment.pt_position_name_c
                        AND
					</value></queryDetail>

					<queryDetail condition="eq({param_selection},all current staff)"><value>
                        pm_staff_data AS staff,
                        PUB_pt_position AS position,
						pm_job_assignment AS jobAssignment
					LEFT JOIN PUB_p_unit AS unit
						ON jobAssignment.pm_unit_key_n = unit.p_partner_key_n
					WHERE   staff.pm_start_of_commitment_d &lt;= {#param_currentstaffdate#}
							AND ( staff.pm_end_of_commitment_d &gt;= {#param_currentstaffdate#}
								OR staff.pm_end_of_commitment_d IS NULL )
    						AND position.pt_position_name_c = jobAssignment.pt_position_name_c
							AND staff.p_partner_key_n = partner.p_partner_key_n
                            AND
					</value></queryDetail>
					<queryDetail condition="eq({param_selection},all staff)"><value>
						PUB_pm_staff_data AS staff,
                        PUB_pt_position AS position,
						pm_job_assignment AS jobAssignment
					LEFT JOIN PUB_p_unit AS unit
						ON jobAssignment.pm_unit_key_n = unit.p_partner_key_n
					WHERE position.pt_position_name_c = jobAssignment.pt_position_name_c
					      AND
					</value></queryDetail>
					
					<queryDetail><value>
							person.p_partner_key_n = partner.p_partner_key_n
						AND person.p_partner_key_n = jobAssignment.p_partner_key_n
						AND (jobAssignment.pm_to_date_d &gt;= {#param_today#}
							OR jobAssignment.pm_to_date_d IS NULL)
					</value></queryDetail>
				</query>
			</calculation> <!-- Select Partners -->
		
			<calculation id="Get partner best address" returns="City" returnsFormat="internal">
				<query>
					<queryDetail>
						<value text="NO-SQL"/>
						<value function="GetPartnerBestAddress({PartnerKey})"/>
					</queryDetail>
				</query>
			</calculation>
			
			<calculation id="Partner Name" returnsFormat="text" returns="text">
				<caption><value text="Name"/></caption>
				<query>
					<queryDetail>
						<value variable="ShortName"/>
					</queryDetail>
				</query>
			</calculation>

			<calculation id="Partner Key" returnsFormat="partnerkey" returns="text">
				<caption><value text="Key"/></caption>
				<query>
					<queryDetail>
						<value variable="PartnerKey"/>
					</queryDetail>
				</query>
			</calculation>

			<calculation id="End Date" returnsFormat="formatteddate" returns="date">
				<caption><value text="End Date"/></caption>
				<query>
					<queryDetail>
						<value variable="EndDate" format="formatteddate"/>
					</queryDetail>
				</query>
			</calculation>
 
			<calculation id="Start Date" returnsFormat="formatteddate" returns="date">
				<caption><value text="Start Date"/></caption>
				<query>
					<queryDetail>
						<value variable="StartDate" format="formatteddate"/>
					</queryDetail>
				</query>
			</calculation>

			<calculation id="Role Key" returnsFormat="text" returns="text">
				<caption><value text="Role Key"/></caption>
				<query>
					<queryDetail>
						<value variable="RoleKey"/>
					</queryDetail>
				</query>
			</calculation>

			<calculation id="Role Name" returnsFormat="text" returns="text">
				<caption><value text="Role Name"/></caption>
				<query>
					<queryDetail>
						<value variable="RoleName"/>
					</queryDetail>
				</query>
			</calculation>

			<calculation id="Assistant" returnsFormat="text" returns="text">
				<caption><value text="Assistant"/></caption>
				<query>
					<queryDetail>
						<value variable="Assistant"/>
					</queryDetail>
				</query>
			</calculation>
            
			<calculation id="Field Name" returnsFormat="text" returns="text">
				<caption><value text="Field Name"/></caption>
				<query>
					<queryDetail>
						<value variable="FieldName"/>
					</queryDetail>
				</query>
			</calculation>
			
			<calculation id="Address Line 1" returnsFormat="text" returns="text">
				<caption><value text="Address Line 1"/></caption>
				<query>
					<queryDetail>
						<value variable="Locality"/>
					</queryDetail>
				</query>
			</calculation>
			
			<calculation id="Address Street" returnsFormat="text" returns="text">
				<caption><value text="Street"/></caption>
				<query>
					<queryDetail>
						<value variable="StreetName"/>
					</queryDetail>
				</query>
			</calculation>
			
			<calculation id="Address Line 3" returnsFormat="text" returns="text">
				<caption><value text="Address Line 3"/></caption>
				<query>
					<queryDetail>
						<value variable="Address3"/>
					</queryDetail>
				</query>
			</calculation>
			
			<calculation id="Address Post Code" returnsFormat="text" returns="text">
				<caption><value text="Post Code"/></caption>
				<query>
					<queryDetail>
						<value variable="PostalCode"/>
					</queryDetail>
				</query>
			</calculation>
			
			<calculation id="Address City" returnsFormat="text" returns="text">
				<caption><value text="City"/></caption>
				<query>
					<queryDetail>
						<value variable="City"/>
					</queryDetail>
				</query>
			</calculation>
			
			<calculation id="Address State / County / Province" returnsFormat="text" returns="text">
				<caption><value text="County / Province"/></caption>
				<query>
					<queryDetail>
						<value variable="County"/>
					</queryDetail>
				</query>
			</calculation>
			
			<calculation id="Address Country" returnsFormat="text" returns="text">
				<caption><value text="Country"/></caption>
				<query>
					<queryDetail>
						<value variable="CountryCode"/>
					</queryDetail>
				</query>
			</calculation>
			
			<calculation id="Primary E-Mail" returnsFormat="text" returns="text">
				<caption><value text="Primary E-Mail"/></caption>
				<query>
					<queryDetail>
						<value variable="EMailAddress"/>
					</queryDetail>
				</query>
			</calculation>
			
			<calculation id="Primary Phone" returnsFormat="text" returns="text">
				<caption><value text="Primary Phone"/></caption>
				<query>
					<queryDetail>
						<value variable="TelephoneNumber"/>
					</queryDetail>
				</query>
			</calculation>

		</calculations>
		
		<levels>
		<level name="main">
			<detail>
				<lowerLevelReport level="Partner Detail" calculation ="Select Partners">
				</lowerLevelReport>
			</detail>
		</level> <!-- main -->

		<level name="Partner Detail" identification="PartnerKey">
			<detail>
				<field whichfield="columns" calculation="Get partner best address"></field>
			</detail>
		</level>  <!-- Partner Detail -->
		</levels>

	</report><!-- End Of Job Assignment List -->

</reports>