<?xml version="1.0" encoding="ISO-8859-1" ?>
<!DOCTYPE reports SYSTEM "../reports.dtd">           
<reports>
	<report id="Personal Documents Expiry Report">
		<description>
			The personal documents that have expired for a partner, all partners
			in an extract or all current staff at a certain date should
			be printed.

		requires personnel.xml
		</description>
		<reportparameters>
			<reportparameter name="param_selection">
				<option name="one partner"/>
				<option name="an extract"/>
				<option name="all current staff"/>
			</reportparameter>
			<reportparameter name="param_extract"
				condition="param_selection=an extract"/>
			<reportparameter name="param_partnerkey"
				condition="param_selection=one partner"/>

			<reportparameter name="param_doctype"/>
			<reportparameter name="param_dtpFromDate"/>
			<reportparameter name="param_dtpToDate"/>
			<!-- Below comma separated list of the column numbers. Not done! -->
			<reportparameter name="param_sortby"/>
			<!-- Below comma separated list of the column names. Not done! -->
			<reportparameter name="param_sortby_readable"/>
		</reportparameters>
		<reportheader/>

		<pageheader>
			<field whichfield="title1"><value text ="Personal Document Expiry" /></field>
			<field whichfield="title2"><value function = "getSiteName()"/></field>
			<field whichfield="descr1">
				<fielddetail>
					<value text = "Selection: "/>
				</fielddetail>
				<fielddetail condition="eq({param_selection},one partner)">
					<value text = "Partner "/><value variable = "param_partnerkey"/>
				</fielddetail>
				<fielddetail condition="eq({param_selection},an extract)">
					<value text = "Extract "/><value variable = "param_extract"/>
				</fielddetail>
				<fielddetail condition="eq({param_selection},all current staff)">
					<value text = "All current Staff at date "/>
					<value variable = "param_currentstaffdate" format="formatteddate"/>
				</fielddetail>
			</field>

			<field whichfield="descr2">
				<fielddetail>
					<switch><case condition="isnull(param_doctype)">
							<value text = "Selected document types: any"/>
					</case></switch>
				</fielddetail>
				<fielddetail>
					<switch><case condition="not(isnull(param_doctype))">
							<value text = "Selected document type(s): "/>
							<value variable = "param_doctype"/>
					</case></switch>
				</fielddetail>
			</field>

			<field whichfield="descr3">
				<fielddetail condition="ne({param_selection}, one partner)">
					<value text="Sorted by: "/>
					<value variable="param_sortby_readable"/>
				</fielddetail>
			</field>

			<field whichfield="period1">
				<fielddetail condition="eq({param_chkUseDates}, true)">
					<value text = "Expires between "/>
					<value variable = "param_dtpFromDate" format="formatteddate"/>
					<value text = " and "/>
					<value variable = "param_dtpToDate" format="formatteddate"/>
				</fielddetail>
			</field>
		</pageheader>

		<calculations>
			<calculation id="Select Partners"
					returns="PartnerKey, ShortName, DocumentType, StartDate, ExpDate, DocumentID, Comments, IssueDate, IssuePlace, AssociatedDocument"
					returnsFormat="row">
				<query>
					<queryDetail><value>
					SELECT DISTINCT person.p_partner_key_n AS PartnerKey,
					   partner.p_partner_short_name_c AS ShortName,
					   document.pm_doc_code_c AS DocumentType,
					   document.pm_date_of_start_d AS StartDate,
					   document.pm_date_of_expiration_d AS ExpDate,
					   document.pm_document_id_c AS DocumentID,
					   document.pm_doc_comment_c AS Comments,
					   document.pm_date_of_issue_d AS IssueDate,
					   document.pm_place_of_issue_c AS IssuePlace,
					   document.pm_assoc_doc_id_c As AssociatedDocument
					FROM PUB_p_person AS person,
						PUB_p_partner AS partner,
						PUB_pm_document AS document
					</value></queryDetail>
					<queryDetail condition="eq({param_selection},one partner)"><value>
						WHERE person.p_partner_key_n = {{param_partnerkey}}
							AND
					</value></queryDetail>
					<queryDetail condition="eq({param_selection},an extract)"><value>
						, PUB_m_extract,
						PUB_m_extract_master
					WHERE person.p_partner_key_n = PUB_m_extract.p_partner_key_n
						AND PUB_m_extract.m_extract_id_i = PUB_m_extract_master.m_extract_id_i
						AND PUB_m_extract_master.m_extract_name_c = {param_extract}
						AND
					</value></queryDetail>
					<queryDetail condition="eq({param_selection},all current staff)"><value>
						,PUB_pm_staff_data
					WHERE   PUB_pm_staff_data.pm_start_of_commitment_d &lt;= {#param_currentstaffdate#}
							AND ( PUB_pm_staff_data.pm_end_of_commitment_d &gt;= {#param_currentstaffdate#}
								OR PUB_pm_staff_data.pm_end_of_commitment_d IS NULL )
							AND PUB_pm_staff_data.p_partner_key_n = partner.p_partner_key_n
							AND
					</value></queryDetail>
					<queryDetail><value>
						person.p_partner_key_n = partner.p_partner_key_n
						AND person.p_partner_key_n = document.p_partner_key_n
						AND partner.p_status_code_c = 'ACTIVE'
					</value></queryDetail>
					
					<queryDetail condition="eq({param_chkUseDates}, true)"><value>
						AND (document.pm_date_of_expiration_d BETWEEN {#param_dtpFromDate#} AND {#param_dtpToDate#}
							OR document.pm_date_of_expiration_d Is Null)
					</value></queryDetail>
					<queryDetail condition="not(isnull(param_doctype))"><value>
						AND
					</value>
					<value
						function = "csv" text="document.pm_doc_code_c" variable="param_doctype"/>
					</queryDetail>
				</query>
			</calculation> <!-- Select Partners -->
 
			<calculation id="Partner Name" returnsFormat="text" returns="text">
				<caption><value text="Partner Name"/></caption>
				<query>
					<queryDetail>
						<value variable="ShortName"/>
					</queryDetail>
				</query>
			</calculation>

			<calculation id="Partner Key" returnsFormat="partnerkey" returns="text">
				<caption><value text="Partner Key"/></caption>
				<query>
					<queryDetail>
						<value variable="PartnerKey"/>
					</queryDetail>
				</query>
			</calculation>

			<calculation id="Document Type" returnsFormat="text" returns="text">
				<caption><value text="Type"/></caption>
				<query>
					<queryDetail>
						<value variable="DocumentType"/>
					</queryDetail>
				</query>
			</calculation>

 			<calculation id="Start Date" returnsFormat="date" returns="text">
				<caption><value text="Start Date"/></caption>
				<query>
					<queryDetail>
						<value variable="StartDate" format="formatteddate"/>
					</queryDetail>
				</query>
			</calculation>

			<calculation id="Expiry Date" returnsFormat="formatteddate" returns="date">
				<caption><value text="Expiry Date"/></caption>
				<query>
					<queryDetail>
						<value variable="ExpDate" format="formatteddate"/>
					</queryDetail>
				</query>
			</calculation>

			<calculation id="Document ID" returnsFormat="text" returns="text">
				<caption><value text="Document ID"/></caption>
				<query>
					<queryDetail>
						<value variable="DocumentID"/>
					</queryDetail>
				</query>
			</calculation>

			<calculation id="Comments" returnsFormat="text" returns="text">
				<caption><value text="Comments"/></caption>
				<query>
					<queryDetail>
						<value variable="Comments"/>
					</queryDetail>
				</query>
			</calculation>

			<calculation id="Date of Issue" returnsFormat="formatteddate" returns="date">
				<caption><value text="Date of\nIssue"/></caption>
				<query>
					<queryDetail>
						<value variable="IssueDate" format="formatteddate"/>
					</queryDetail>
				</query>
			</calculation>

			<calculation id="Place of Issue" returnsFormat="text" returns="text">
				<caption><value text="Place of\nIssue"/></caption>
				<query>
					<queryDetail>
						<value variable="IssuePlace"/>
					</queryDetail>
				</query>
			</calculation>

			<calculation id="Associated Document" returnsFormat="text" returns="text">
				<caption><value text="Associated Document"/></caption>
				<query>
					<queryDetail>
						<value variable="AssociatedDocument"/>
					</queryDetail>
				</query>
			</calculation>
		</calculations>
		
		<levels>
		<level name="main">
			<detail>
				<lowerLevelReport level="Partner Detail" calculation ="Select Partners">
				</lowerLevelReport>
			</detail>
		</level> <!-- main -->

		<level name="Partner Detail" identification="PartnerKey">
			<detail>
				<field whichfield="columns"/>
			</detail>
		</level>  <!-- Partner Detail -->
		</levels>

	</report><!-- End of Start Of Commitment List -->

</reports>