<?xml version="1.0" encoding="ISO-8859-1" ?>
<!DOCTYPE reports SYSTEM "../reports.dtd">
<reports>
	<report id="Previous Experience Report">
		<description>
			Report showing previous experiences of partners.
			requires PE_personnel.xml

		</description>
		
		<reportparameters/>

		<reportheader/>
		<pageheader>
			<field whichfield="title1"><value text ="Previous Experience Report" /></field>
			<field whichfield="title2"><value function = "getSiteName()"/></field>
			<field whichfield="descr1">
				<fielddetail>
					<value text = "Selection: "/>
				</fielddetail>
				<fielddetail condition="eq({param_selection},one partner)">
					<value text = "Partner "/><value variable = "param_partnerkey"/>
				</fielddetail>
				<fielddetail condition="eq({param_selection},an extract)">
					<value text = "Extract "/><value variable = "param_extract"/>
				</fielddetail>
				<fielddetail condition="eq({param_selection},all current staff)">
					<value text = "All current Staff at date "/>
					<value variable = "param_currentstaffdate" format="formatteddate"/>
				</fielddetail>
			</field>
			<field whichfield="descr2">
				<fielddetail condition="ne({param_selection}, one partner)">
					<value text="Sorted by: "/>
					<value variable="param_sortby_readable"/>
				</fielddetail>
			</field>
		</pageheader>

		<calculations>
			
			<calculation id="Select Experiences" returns="PartnerKey, PartnerName, StartDate, EndDate, 
			Location, Role, pm_other_organisation_c, pm_prev_work_here_l" returnsFormat="row">
				<query>
					<queryDetail><value>
						SELECT DISTINCT 
							PUB_p_partner.p_partner_key_n AS PartnerKey,
							PUB_p_partner.p_partner_short_name_c AS PartnerName,
							PUB_pm_past_experience.pm_start_date_d AS StartDate,
							PUB_pm_past_experience.pm_end_date_d AS EndDate,
							PUB_pm_past_experience.pm_prev_location_c AS Location,
							PUB_pm_past_experience.pm_prev_role_c AS Role,
							PUB_pm_past_experience.pm_other_organisation_c,
							PUB_pm_past_experience.pm_prev_work_here_l
						FROM 
							PUB_p_partner,
							PUB_pm_past_experience
					</value></queryDetail>
					<queryDetail condition="eq({param_selection},one partner)"><value>
						WHERE PUB_p_partner.p_partner_key_n = {{param_partnerkey}}
					</value></queryDetail>
					<queryDetail condition="eq({param_selection},an extract)"><value>
							, PUB_m_extract,
							PUB_m_extract_master
						WHERE PUB_p_partner.p_partner_key_n = PUB_m_extract.p_partner_key_n
							AND PUB_m_extract.m_extract_id_i = PUB_m_extract_master.m_extract_id_i
							AND PUB_m_extract_master.m_extract_name_c = {param_extract}
					</value></queryDetail>
					<queryDetail condition="eq({param_selection},all current staff)"><value>
							, PUB_pm_staff_data
						WHERE  PUB_p_partner.p_partner_key_n = PUB_pm_staff_data.p_partner_key_n
							AND PUB_pm_staff_data.pm_start_of_commitment_d &lt;= {#param_currentstaffdate#}
							AND ( PUB_pm_staff_data.pm_end_of_commitment_d &gt;= {#param_currentstaffdate#}
								OR PUB.pm_staff_data.pm_end_of_commitment_d IS NULL )
					</value></queryDetail>
					<queryDetail><value>
							AND PUB_p_partner.p_partner_key_n = PUB_pm_past_experience.p_partner_key_n
					</value></queryDetail>
				</query>
			</calculation> <!-- Select Experiences -->
			
			<calculation id="CleanUp" returns="Organisation" returnsFormat="text">
				<query>
					<queryDetail condition="eq({pm_prev_work_here_l}, true)">
						<value text="NO-SQL"/>
						<!-- TODO: ORGANIZATION SPECIFIC  -->
						<value function="assign(Organisation, OM)"/>
					</queryDetail>
					<queryDetail condition="eq({pm_prev_work_here_l}, false)">
						<value text="NO-SQL"/>
						<value function="assign(Organisation, {pm_other_organisation_c})"/>
					</queryDetail>
					<queryDetail>
						<value text="NO-SQL"/>
						<!-- TODO: ORGANIZATION SPECIFIC  GetType() -->
						<value function="assign(TypeCode, GetType({PartnerKey}, OMER;EX-OMER, BEGIN))"/>
					</queryDetail>
				</query>
			</calculation>
				
			<calculation id="Start Date" returnsFormat="formatteddate" returns="date">
				<caption><value text="Start Date"/></caption>
				<query>
					<queryDetail>
						<value variable="StartDate" format="formatteddate"/>
					</queryDetail>
				</query>
			</calculation>
			
			<calculation id="End Date" returnsFormat="formatteddate" returns="date">
				<caption><value text="End Date"/></caption>
				<query>
					<queryDetail>
						<value variable="EndDate" format="formatteddate"/>
					</queryDetail>
				</query>
			</calculation>

  			<calculation id="Location" returnsFormat="text" returns="text">
				<caption><value text="Location"/></caption>
				<query>
					<queryDetail>
						<value variable="Location"/>
					</queryDetail>
				</query>
			</calculation>

			<calculation id="Role" returnsFormat="text" returns="text">
				<caption><value text="Role"/></caption>
				<query>
					<queryDetail>
						<value variable="Role"/>
					</queryDetail>
				</query>
			</calculation>
			
			<calculation id="Type" returnsFormat="text" returns="text">
				<caption><value text="Type"/></caption>
				<query>
					<queryDetail>
						<value variable="TypeCode"/>
					</queryDetail>
				</query>
			</calculation>

			<calculation id="Next Report Date" returnsFormat="formatteddate" returns="date">
				<caption><value text="Next Report Date"/></caption>
				<query>
					<queryDetail>
						<value variable="NextReportDate" format="formatteddate"/>
					</queryDetail>
				</query>
			</calculation>
			
			<calculation id="Organisation" returnsFormat="text" returns="text">
				<caption><value text="Organisation"/></caption>
				<query>
					<queryDetail>
						<value variable="Organisation"/>
					</queryDetail>
				</query>
			</calculation>

		</calculations>
		
		<levels>
		<level name="main">
			<detail>
				<lowerLevelReport level="Partner Detail" calculation ="Select Experiences">
				</lowerLevelReport>
			</detail>
		</level> <!-- main -->

		<level name="Partner Detail" identification="PartnerKey">
			<detail>
				<field whichfield="columns" calculation="CleanUp"/>
			</detail>
		</level>  <!-- Partner Detail -->
		</levels>

	</report>

</reports>