<?xml version="1.0" encoding="ISO-8859-1" ?>
<!DOCTYPE reports SYSTEM "../reports.dtd">
<reports>
	<report id="Progress Report">
		<description>
			Report listing data in pm_evaluation

			requires personnel.xml
		</description>
		
		<reportparameters/>

		<reportheader/>
		<pageheader>
			<field whichfield="title1"><value text ="Progress Report" /></field>
			<field whichfield="title2"><value function = "getSiteName()"/></field>
			<field whichfield="descr1">
				<fielddetail>
					<value text = "Selection: "/>
				</fielddetail>
				<fielddetail condition="eq({param_selection},one partner)">
					<value text = "Partner "/><value variable = "param_partnerkey"/>
				</fielddetail>
				<fielddetail condition="eq({param_selection},an extract)">
					<value text = "Extract "/><value variable = "param_extract"/>
				</fielddetail>
				<fielddetail condition="eq({param_selection},all current staff)">
					<value text = "All current Staff at date "/>
					<value variable = "param_currentstaffdate" format="formatteddate"/>
				</fielddetail>
			</field>
			<field whichfield="descr2">
				<fielddetail condition="ne({param_selection}, one partner)">
					<value text="Sorted by: "/>
					<value variable="param_sortby_readable"/>
				</fielddetail>
			</field>
		</pageheader>

		<calculations>
			
			<calculation id="Select Evaluations"
					returns="PartnerKey, PartnerName, ReportDate, ReportType, Reporter, NextReportDate, ReportComment"
					returnsFormat="row">
				<query>
					<queryDetail><value>
						SELECT DISTINCT 
							person.p_partner_key_n AS PartnerKey,
							partner.p_partner_short_name_c AS PartnerName,
							evaluation.pm_evaluation_date_d AS ReportDate,
							evaluation.pm_evaluation_type_c AS ReportType,
							evaluation.pm_evaluator_c AS Reporter,
							evaluation.pm_next_evaluation_date_d AS NextReportDate,
							evaluation.pm_evaluation_comments_c AS ReportComment
						FROM PUB_p_person AS person,
							PUB_p_partner AS partner,
							PUB_pm_person_evaluation AS evaluation
					</value></queryDetail>
					<queryDetail condition="eq({param_selection},one partner)"><value>
						WHERE person.p_partner_key_n = {{param_partnerkey}}
							AND
					</value></queryDetail>
					<queryDetail condition="eq({param_selection},an extract)"><value>
							, PUB_m_extract,
							PUB_m_extract_master
						WHERE person.p_partner_key_n = PUB_m_extract.p_partner_key_n
							AND PUB_m_extract.m_extract_id_i = PUB_m_extract_master.m_extract_id_i
							AND PUB_m_extract_master.m_extract_name_c = {param_extract}
							AND
					</value></queryDetail>
					<queryDetail condition="eq({param_selection},all current staff)"><value>
							, PUB_pm_staff_data
						WHERE  person.p_partner_key_n = PUB_pm_staff_data.p_partner_key_n
							AND PUB_pm_staff_data.pm_start_of_commitment_d &lt;= {#param_currentstaffdate#}
							AND ( PUB_pm_staff_data.pm_end_of_commitment_d &gt;= {#param_currentstaffdate#}
								OR PUB.pm_staff_data.pm_end_of_commitment_d IS NULL )
							AND
					</value></queryDetail>
					<queryDetail><value>
								person.p_partner_key_n = partner.p_partner_key_n
							AND person.p_partner_key_n = evaluation.p_partner_key_n
							AND partner.p_status_code_c = 'ACTIVE'
					</value></queryDetail>
				</query>
			</calculation> <!-- Select Evaluations -->
			
			<calculation id="Report Date" returnsFormat="formatteddate" returns="date">
				<caption><value text="Report Date"/></caption>
				<query>
					<queryDetail>
						<value variable="ReportDate" format="formatteddate"/>
					</queryDetail>
				</query>
			</calculation>

  			<calculation id="Report Type" returnsFormat="text" returns="text">
				<caption><value text="Report Type"/></caption>
				<query>
					<queryDetail>
						<value variable="ReportType"/>
					</queryDetail>
				</query>
			</calculation>

			<calculation id="Reporter" returnsFormat="text" returns="text">
				<caption><value text="Reporter"/></caption>
				<query>
					<queryDetail>
						<value variable="Reporter"/>
					</queryDetail>
				</query>
			</calculation>

			<calculation id="Next Report Date" returnsFormat="formatteddate" returns="date">
				<caption><value text="Next Report Date"/></caption>
				<query>
					<queryDetail>
						<value variable="NextReportDate" format="formatteddate"/>
					</queryDetail>
				</query>
			</calculation>
			
			<calculation id="Report Comment" returnsFormat="text" returns="text">
				<caption><value text="Report Comment"/></caption>
				<query>
					<queryDetail>
						<value variable="ReportComment"/>
					</queryDetail>
				</query>
			</calculation>

		</calculations>
		
		<levels>
		<level name="main">
			<detail>
				<lowerLevelReport level="Partner Detail" calculation ="Select Evaluations">
				</lowerLevelReport>
			</detail>
		</level> <!-- main -->

		<level name="Partner Detail" identification="PartnerKey">
			<detail>
				<field whichfield="columns"/>
			</detail>
		</level>  <!-- Partner Detail -->
		</levels>

	</report>

</reports>