<?xml version="1.0" encoding="ISO-8859-1" ?>
<!DOCTYPE reports SYSTEM "../../reports.dtd">
<reports>

  <report id="APAccountDetailReport">
    <description>

    </description>
    <reportparameters>
      <reportparameter name="param_ledger_number_i"/>
      <reportparameter name="param_from_date"/>
      <reportparameter name="param_to_date"/>
      <reportparameter name="param_from_account"/>
      <reportparameter name="param_to_account"/>
    </reportparameters>

    <reportheader/>

    <pageheader>
      <field whichfield="title1">
        <fielddetail>
          <value text ="AP - Account Detail" />
        </fielddetail>
      </field>
      <field whichfield="title2"><value function="getLedgerName({{param_ledger_number_i}})"/></field>
      <field whichfield="descr1"><value text="Ledger "/><value variable="param_ledger_number_i"/>
        <value text="   "/><value function="getLedgerName({{param_ledger_number_i}})"/>
      </field>

      <field whichfield="descr2" width="7 cm"><value text="Currency: "/>
        <value function="getCurrency({{param_ledger_number_i}}, {GLOBAL:param_currency})"/>
      </field>

      <field whichfield="period1">
        <value text="Period: "/>
        <value variable="param_from_date"/>
        <value text=" To: "/>
        <value variable="param_to_date"/>
      </field>
      <field whichfield="period2">
        <value text="Account: "/>
        <value variable="param_account_from"/>
        <value text=" To: "/>
        <value variable="param_account_to"/>
      </field>
    </pageheader>

    <calculations>
      <calculation id="SelectAccounts" returns="AccountCode" returnsFormat="row">
        <query>
          <queryDetail>
            <value>
            SELECT DISTINCT
              PUB_a_transaction.a_account_code_c AS AccountCode
            FROM
              PUB_a_transaction,
              PUB_a_cost_centre
            WHERE
                PUB_a_cost_centre.a_cost_centre_code_c = PUB_a_transaction.a_cost_centre_code_c
              AND PUB_a_transaction.a_ledger_number_i = {{param_ledger_number_i}}
              AND PUB_a_transaction.a_cost_centre_code_c = '{{param_ledger_number_i}}00'
              AND PUB_a_cost_centre.a_ledger_number_i = {{param_ledger_number_i}}
              AND PUB_a_transaction.a_transaction_date_d BETWEEN {#param_from_date#} AND {#param_to_date#}
              AND PUB_a_transaction.a_transaction_status_l = true
              AND NOT (PUB_a_transaction.a_system_generated_l  = true
                AND PUB_a_transaction.a_narrative_c LIKE 'Year end re-allocation%')
              AND PUB_a_transaction.a_account_code_c &gt;= {param_account_from}
              AND PUB_a_transaction.a_account_code_c &lt;= {param_account_to}
            ORDER BY
              1
            </value>
          </queryDetail>
        </query>
      </calculation>

      <!-- Standard cost centre: Ledger number "34" Cost Centre Code "3400" -->
      <calculation id="SelectCostCentres" returns="CostCentreCode, a_cost_centre_name_c" returnsFormat="row">
        <query>
          <queryDetail>
            <value>
            SELECT DISTINCT
              PUB_a_cost_centre.a_cost_centre_code_c AS CostCentreCode,
              PUB_a_cost_centre.a_cost_centre_name_c
            FROM
              PUB_a_cost_centre
            WHERE
              PUB_a_cost_centre.a_ledger_number_i = {{param_ledger_number_i}}
              AND PUB_a_cost_centre.a_cost_centre_code_c =  '{{param_ledger_number_i}}00'
            </value>
          </queryDetail>
        </query>
      </calculation>

      <calculation id="SelectAccountDescription" returns="a_account_code_short_desc_c" returnsFormat="row">
        <query>
          <queryDetail>
            <value>
            SELECT DISTINCT
              PUB_a_account.a_account_code_short_desc_c
            FROM
              PUB_a_account
            WHERE
              PUB_a_account.a_ledger_number_i = {{param_ledger_number_i}}
              AND PUB_a_account.a_account_code_c = {AccountCode}
            </value>
          </queryDetail>
        </query>
      </calculation>

      <calculation id="SelectCurrentDetails" returns="automatic" returnsFormat="row">
        <query>
          <queryDetail>
            <value>
            SELECT
              PUB_a_transaction.a_transaction_date_d AS Date,
              PUB_a_transaction.a_amount_in_base_currency_n AS Amount,
              PUB_a_transaction.a_debit_credit_indicator_l,
              PUB_a_transaction.a_narrative_c AS Detail,
              PUB_a_transaction.a_reference_c AS ReferenceNumber,
              
              PUB_a_transaction.a_batch_number_i
            FROM
              PUB_a_transaction
            WHERE
                PUB_a_transaction.a_ledger_number_i = {{param_ledger_number_i}}
              AND PUB_a_transaction.a_account_code_c = {AccountCode}
              AND PUB_a_transaction.a_cost_centre_code_c = {CostCentreCode}
              AND PUB_a_transaction.a_transaction_date_d BETWEEN {#param_from_date#} AND {#param_to_date#}
              AND PUB_a_transaction.a_transaction_status_l = true
              AND NOT (PUB_a_transaction.a_system_generated_l  = true
              AND PUB_a_transaction.a_narrative_c LIKE 'Year end re-allocation%')
            ORDER BY
              1
            </value>
          </queryDetail>
        </query>
      </calculation>

      <calculation id="AssignCostCenterAmount" returns="automatic" returnsFormat="text">
        <query>
          <queryDetail condition="{a_debit_credit_indicator_l}">
            <value text="NO-SQL"/>
            <value function="assign(Debits, {Amount})"/>
            <value function="assign(Credits, 0)"/>
            <value function="assign(CostCentreDebit, add({{CostCentreDebit}}, {{Amount}}))"/>
            <value function="assign(AccountCodeDebit, add({{AccountCodeDebit}}, {{Amount}}))"/>
          </queryDetail>
          <queryDetail condition="not({a_debit_credit_indicator_l})">
            <value text="NO-SQL"/>
            <value function="assign(Credits, {Amount})"/>
            <value function="assign(Debits, 0)"/>
            <value function="assign(CostCentreCredit, add({{CostCentreCredit}}, {{Amount}}))"/>
            <value function="assign(AccountCodeCredit, add({{AccountCodeCredit}}, {{Amount}}))"/>
          </queryDetail>
        </query>
      </calculation>

      <calculation id="ClearAccountCodeAmount" returns="automatic" returnsFormat="text">
        <query>
          <queryDetail>
            <value text="NO-SQL"/>
            <value function="assign(TotalCredit, add({{TotalCredit}}, {{AccountCodeCredit}}))"/>
            <value function="assign(TotalDebit, add({{TotalDebit}}, {{AccountCodeDebit}}))"/>
            <value function="assign(AccountCodeCredit, 0)"/>
            <value function="assign(AccountCodeDebit, 0)"/>
          </queryDetail>
        </query>
      </calculation>
      
      <calculation id="ClearCostCentreAmount" returns="automatic" returnsFormat="text">
        <query>
          <queryDetail>
            <value text="NO-SQL"/>
            <value function="assign(CostCentreDebit, 0)"/>
            <value function="assign(CostCentreCredit, 0)"/>
          </queryDetail>
        </query>
      </calculation>

      <calculation id="Date" returnsFormat="text" returns="text">
        <caption><value text="Date"/></caption>
        <query>
          <queryDetail>
            <value variable="Date"/>
          </queryDetail>
        </query>
      </calculation>

      <calculation id="Debits" returnsFormat="currency" returns="amount">
        <caption><value text="Debits"/></caption>
        <query>
          <queryDetail>
            <value variable="Debits"/>
          </queryDetail>
        </query>
      </calculation>

      <calculation id="Credits" returnsFormat="currency" returns="amount">
        <caption><value text="Credits"/></caption>
        <query>
          <queryDetail>
            <value variable="Credits"/>
          </queryDetail>
        </query>
      </calculation>

      <calculation id="Detail" returnsFormat="text" returns="text">
        <caption><value text="Detail"/></caption>
        <query>
          <queryDetail>
            <value variable="Detail"/>
          </queryDetail>
        </query>
      </calculation>
      <calculation id="Reference Number" returnsFormat="text" returns="text">
        <caption><value text="Reference Number"/></caption>
        <query>
          <queryDetail>
            <value variable="ReferenceNumber"/>
          </queryDetail>
        </query>
      </calculation>

    </calculations>
    <levels>
    <level name="main">
      <detail>
        <lowerLevelReport level="main1"/>
      </detail>
    </level> <!-- main -->

    <level name="main1">
      <detail>
        <lowerLevelReport level="main2"/>
      </detail>
      <footer space="below" line="below">
        <field whichfield="column 0">
          <value text="Net Balance: "/>
        </field>
        <switch>
          <case condition="gt({{TotalCredit}}, {{TotalDebit}})">
            <field whichfield="column {param_column_Credits}">
              <value function="sub({{TotalCredit}}, {{TotalDebit}})"/>
            </field>
            <field whichfield="column {param_column_Debits}">
              <value text="0.00"/>
            </field>
          </case>
          <case condition="gt({{TotalDebit}}, {{TotalCredit}})">
            <field whichfield="column {param_column_Debits}">
              <value function="sub({{TotalDebit}}, {{AccountCodeCredit}})"/>
            </field>
            <field whichfield="column {param_column_Credits}">
              <value text="0.00"/>
            </field>
          </case>
        </switch>
      </footer>
    </level> <!-- main1 -->

    <level name="main2">
      <detail>
        <lowerLevelReport level="AccountLevel1" calculation="SelectAccounts"/>
      </detail>
      <footer>
        <field calculation="ClearAccountCodeAmount" whichfield="column 0">
          <value text="Grand Total: "/>
        </field>
        <field whichfield="column {param_column_Credits}">
          <value variable="TotalCredit"/>
        </field>
        <field whichfield="column {param_column_Debits}">
          <value variable="TotalDebit"/>
        </field>
      </footer>
    </level>

    <level name="AccountLevel1">
      <detail>
        <lowerLevelReport level="AccountLevel2" calculation="ClearAccountCodeAmount"/>
      </detail>
    </level>

    <level name="AccountLevel2">
      <detail>
        <lowerLevelReport level="CostCentreLevel1" calculation="SelectCostCentres"/>
      </detail>
      <footer space="below" line="below">
        <field whichfield="column 0">
          <value text="Net Balance: "/>
        </field>
        <switch>
          <case condition="gt({{AccountCodeCredit}}, {{AccountCodeDebit}})">
            <field whichfield="column {param_column_Credits}">
              <value function="sub({{AccountCodeCredit}}, {{AccountCodeDebit}})"/>
            </field>
            <field whichfield="column {param_column_Debits}">
              <value text="0.00"/>
            </field>
          </case>
          <case condition="gt({{AccountCodeDebit}}, {{AccountCodeCredit}})">
            <field whichfield="column {param_column_Debits}">
              <value function="sub({{AccountCodeDebit}}, {{AccountCodeCredit}})"/>
            </field>
            <field whichfield="column {param_column_Credits}">
              <value text="0.00"/>
            </field>
          </case>
        </switch>
      </footer>
    </level>

    <level name="CostCentreLevel1">
      <detail>
        <lowerLevelReport level="CostCentreLevel2" calculation="ClearCostCentreAmount"/>
      </detail>
      <footer>
        <field whichfield="column 0">
          <value text="Account Total: "/>
        </field>
        <field whichfield="column {param_column_Credits}">
          <value variable="AccountCodeCredit"/>
        </field>
        <field whichfield="column {param_column_Debits}">
          <value variable="AccountCodeDebit"/>
        </field>
      </footer>
    </level>

    <level name="CostCentreLevel2">
      <header>
        <field whichfield="header 1" pos="0cm" width="18cm" calculation="SelectAccountDescription">
          <value text="Cost Centre: "/>
          <value variable="CostCentreCode"/>
          <value text="   Account Code: "/>
          <value variable="AccountCode"/>
          <value text="    "/>
          <value variable="a_account_code_short_desc_c"/>
          <value text=", "/>
          <value variable="a_cost_centre_name_c"/>
        </field>
      </header>
      <detail>
        <lowerLevelReport level="DetailLevel" calculation="SelectCurrentDetails"/>
      </detail>
      <footer>
        <field whichfield="column 0">
          <value text="CC Total: "/>
        </field>
        <field whichfield="column {param_column_Credits}" line="above">
          <value variable="CostCentreCredit"/>
        </field>
        <field whichfield="column {param_column_Debits}" line="above">
          <value variable="CostCentreDebit"/>
        </field>
      </footer>
    </level>

    <level name="DetailLevel">
      <detail>
        <field whichfield="columns" calculation="AssignCostCenterAmount"/>
      </detail>
    </level>

    </levels>
  </report><!-- Account Detail -->
</reports>