<?xml version="1.0"?>
<Parameters>
  <Parameter id="systemsettings" value="eBoolean:true" />
  <Parameter id="xmlfiles" value="eString:FinancialDevelopment\\donorreportdetail.xml,common.xml" />
  <Parameter id="currentReport" value="eString:DonorReportDetail" />
  <Parameter id="MaxDisplayColumns" value="eInteger:4" />
  <Parameter id="param_partner_source" value="eString:AllPartner" />
  <Parameter id="param_currency" value="eString:Base" />
  <Parameter id="param_rgrSorting" value="eString:Donor Name" />
  <Parameter id="param_calculation" column="0" value="eString:Gift Date" />
  <Parameter id="ColumnWidth" column="0" value="eInteger:2" />
  <Parameter id="param_ytd" column="0" value="eString:false" />
  <Parameter id="param_calculation" column="1" value="eString:Gift Recipient Key" />
  <Parameter id="ColumnWidth" column="1" value="eDecimal:4612811918334230528" />
  <Parameter id="param_ytd" column="1" value="eString:false" />
  <Parameter id="param_calculation" column="2" value="eString:Gift Details" />
  <Parameter id="ColumnWidth" column="2" value="eInteger:8" />
  <Parameter id="param_ytd" column="2" value="eString:false" />
  <Parameter id="param_calculation" column="3" value="eString:Gift Amount" />
  <Parameter id="ColumnWidth" column="3" value="eInteger:2" />
  <Parameter id="param_ytd" column="3" value="eString:false" />
  <Parameter id="param_currency_format" value="eString:CurrencyComplete" />
  <Parameter id="param_gift_amount_column" value="eInteger:3" />
</Parameters>