<?xml version="1.0"?>
<Parameters>
  <Parameter id="systemsettings" value="eBoolean:true" />
  <Parameter id="xmlfiles" value="eString:Finance\\AP_agedsupplierlist.xml,Finance\\finance.xml,common.xml" />
  <Parameter id="currentReport" value="eString:APAgedSupplierList" />
  <Parameter id="MaxDisplayColumns" value="eInteger:9" />
  <Parameter id="param_show_invoices" value="eString:true" />
  <Parameter id="param_discounted_only" value="eString:false" />
  <Parameter id="param_currency" value="eString:Base" />
  <Parameter id="param_calculation" column="0" value="eString:Document Code" />
  <Parameter id="ColumnWidth" column="0" value="eInteger:3" />
  <Parameter id="param_calculation" column="1" value="eString:Reference" />
  <Parameter id="ColumnWidth" column="1" value="eInteger:2" />
  <Parameter id="param_calculation" column="2" value="eString:Discount" />
  <Parameter id="ColumnWidth" column="2" value="eDecimal:4602678819172646912" />
  <Parameter id="param_calculation" column="3" value="eString:Overdue 30+" />
  <Parameter id="ColumnWidth" column="3" value="eInteger:2" />
  <Parameter id="param_calculation" column="4" value="eString:Overdue" />
  <Parameter id="ColumnWidth" column="4" value="eInteger:2" />
  <Parameter id="param_calculation" column="5" value="eString:Due" />
  <Parameter id="ColumnWidth" column="5" value="eInteger:2" />
  <Parameter id="param_calculation" column="6" value="eString:Due 30+" />
  <Parameter id="ColumnWidth" column="6" value="eInteger:2" />
  <Parameter id="param_calculation" column="7" value="eString:Due 60+" />
  <Parameter id="ColumnWidth" column="7" value="eInteger:2" />
  <Parameter id="param_calculation" column="8" value="eString:Total Due" />
  <Parameter id="ColumnWidth" column="8" value="eInteger:2" />
</Parameters>