<?xml version="1.0"?>
<Parameters>
  <Parameter id="systemsettings" value="eBoolean:true" />
  <Parameter id="xmlfiles" value="eString:Conference\\commentsreport.xml,Conference\\conference.xml" />
  <Parameter id="currentReport" value="eString:Comments Report" />
  <Parameter id="MaxDisplayColumns" value="eInteger:7" />
  <Parameter id="param_conferenceselection" value="eString:one conference" />
  <Parameter id="param_attendeeselection" value="eString:all attendees" />
  <Parameter id="param_partnerkey" value="eInteger:0" />
  <Parameter id="param_conferencekey" value="eInteger:0" />
  <Parameter id="param_conferencename" value="eString:" />
  <Parameter id="param_extractname" value="eString:" />
  <Parameter id="orderby0" value="eString:Partner Name" />
  <Parameter id="orderby1" value="eString:Nationality" />
  <Parameter id="orderby2" value="eString:Comments" />
  <Parameter id="param_sortby_readable" value="eString:Partner Name, Nationality, Comments" />
  <Parameter id="param_sortby_columns" value="eString:0,1,2" />
  <Parameter id="param_chkHideNoComment" value="eString:false" />
  <Parameter id="param_calculation" column="0" value="eString:Partner Name" />
  <Parameter id="ColumnWidth" column="0" value="eInteger:5" />
  <Parameter id="param_calculation" column="1" value="eString:Age" />
  <Parameter id="ColumnWidth" column="1" value="eInteger:1" />
  <Parameter id="param_calculation" column="2" value="eString:Gender" />
  <Parameter id="ColumnWidth" column="2" value="eDecimal:4609434218613702656" />
  <Parameter id="param_calculation" column="3" value="eString:Conference Room" />
  <Parameter id="ColumnWidth" column="3" value="eInteger:3" />
  <Parameter id="param_calculation" column="4" value="eString:Arrival Date" />
  <Parameter id="ColumnWidth" column="4" value="eInteger:2" />
  <Parameter id="param_calculation" column="5" value="eString:Departure Date" />
  <Parameter id="ColumnWidth" column="5" value="eInteger:2" />
  <Parameter id="param_calculation" column="6" value="eString:Comments" />
  <Parameter id="ColumnWidth" column="6" value="eInteger:10" />
</Parameters>